Date,Country,Continent,Population,Weekly_New_Cases,Weekly_New_Deaths,Cumulative_Cases,Cumulative_Deaths,Cases_Per_Million,Deaths_Per_Million,Case_Fatality_Rate_Pct,Vaccinated_Pct,Recovery_Rate_Pct
2020-01-05,India,Asia,1380000000,12311,251,12311,251,8.92,0.18,2.039,0.0,97.96
2020-01-12,India,Asia,1380000000,10924,116,23235,367,16.84,0.27,1.58,0.0,98.42
2020-01-19,India,Asia,1380000000,8672,77,31907,444,23.12,0.32,1.392,0.0,98.61
2020-01-26,India,Asia,1380000000,14065,256,45972,700,33.31,0.51,1.523,0.0,98.48
2020-02-02,India,Asia,1380000000,13636,113,59608,813,43.19,0.59,1.364,0.0,98.64
2020-02-09,India,Asia,1380000000,16281,360,75889,1173,54.99,0.85,1.546,0.0,98.45
2020-02-16,India,Asia,1380000000,10974,121,86863,1294,62.94,0.94,1.49,0.0,98.51
2020-02-23,India,Asia,1380000000,11187,147,98050,1441,71.05,1.04,1.47,0.0,98.53
2020-03-01,India,Asia,1380000000,14554,223,112604,1664,81.6,1.21,1.478,0.0,98.52
2020-03-08,India,Asia,1380000000,12992,239,125596,1903,91.01,1.38,1.515,0.0,98.48
2020-03-15,India,Asia,1380000000,12025,155,137621,2058,99.73,1.49,1.495,0.0,98.5
2020-03-22,India,Asia,1380000000,14547,229,152168,2287,110.27,1.66,1.503,0.0,98.5
2020-03-29,India,Asia,1380000000,19047,217,171215,2504,124.07,1.81,1.462,0.0,98.54
2020-04-05,India,Asia,1380000000,16832,304,188047,2808,136.27,2.03,1.493,0.0,98.51
2020-04-12,India,Asia,1380000000,12440,228,200487,3036,145.28,2.2,1.514,0.0,98.49
2020-04-19,India,Asia,1380000000,14014,127,214501,3163,155.44,2.29,1.475,0.0,98.53
2020-04-26,India,Asia,1380000000,22616,552,237117,3715,171.82,2.69,1.567,0.0,98.43
2020-05-03,India,Asia,1380000000,21497,283,258614,3998,187.4,2.9,1.546,0.0,98.45
2020-05-10,India,Asia,1380000000,13985,274,272599,4272,197.54,3.1,1.567,0.0,98.43
2020-05-17,India,Asia,1380000000,18029,181,290628,4453,210.6,3.23,1.532,0.0,98.47
2020-05-24,India,Asia,1380000000,18883,162,309511,4615,224.28,3.34,1.491,0.0,98.51
2020-05-31,India,Asia,1380000000,23846,295,333357,4910,241.56,3.56,1.473,0.0,98.53
2020-06-07,India,Asia,1380000000,21204,281,354561,5191,256.93,3.76,1.464,0.0,98.54
2020-06-14,India,Asia,1380000000,19698,340,374259,5531,271.2,4.01,1.478,0.0,98.52
2020-06-21,India,Asia,1380000000,15875,388,390134,5919,282.71,4.29,1.517,0.0,98.48
2020-06-28,India,Asia,1380000000,22902,548,413036,6467,299.3,4.69,1.566,0.0,98.43
2020-07-05,India,Asia,1380000000,24372,442,437408,6909,316.96,5.01,1.58,0.0,98.42
2020-07-12,India,Asia,1380000000,24710,234,462118,7143,334.87,5.18,1.546,0.0,98.45
2020-07-19,India,Asia,1380000000,16107,141,478225,7284,346.54,5.28,1.523,0.0,98.48
2020-07-26,India,Asia,1380000000,17589,256,495814,7540,359.29,5.46,1.521,0.0,98.48
2020-08-02,India,Asia,1380000000,16879,372,512693,7912,371.52,5.73,1.543,0.0,98.46
2020-08-09,India,Asia,1380000000,17773,227,530466,8139,384.4,5.9,1.534,0.0,98.47
2020-08-16,India,Asia,1380000000,19786,205,550252,8344,398.73,6.05,1.516,0.0,98.48
2020-08-23,India,Asia,1380000000,22571,209,572823,8553,415.09,6.2,1.493,0.0,98.51
2020-08-30,India,Asia,1380000000,24406,515,597229,9068,432.77,6.57,1.518,0.0,98.48
2020-09-06,India,Asia,1380000000,15268,123,612497,9191,443.84,6.66,1.501,0.0,98.5
2020-09-13,India,Asia,1380000000,21827,436,634324,9627,459.66,6.98,1.518,0.0,98.48
2020-09-20,India,Asia,1380000000,20516,433,654840,10060,474.52,7.29,1.536,0.0,98.46
2020-09-27,India,Asia,1380000000,13169,185,668009,10245,484.06,7.42,1.534,0.0,98.47
2020-10-04,India,Asia,1380000000,13322,302,681331,10547,493.72,7.64,1.548,0.0,98.45
2020-10-11,India,Asia,1380000000,18154,247,699485,10794,506.87,7.82,1.543,0.0,98.46
2020-10-18,India,Asia,1380000000,12153,161,711638,10955,515.68,7.94,1.539,0.0,98.46
2020-10-25,India,Asia,1380000000,14320,292,725958,11247,526.06,8.15,1.549,0.0,98.45
2020-11-01,India,Asia,1380000000,16782,387,742740,11634,538.22,8.43,1.566,0.0,98.43
2020-11-08,India,Asia,1380000000,14730,147,757470,11781,548.89,8.54,1.555,0.0,98.44
2020-11-15,India,Asia,1380000000,16277,340,773747,12121,560.69,8.78,1.567,0.0,98.43
2020-11-22,India,Asia,1380000000,14365,303,788112,12424,571.1,9.0,1.576,0.0,98.42
2020-11-29,India,Asia,1380000000,13208,223,801320,12647,580.67,9.16,1.578,0.0,98.42
2020-12-06,India,Asia,1380000000,12086,101,813406,12748,589.42,9.24,1.567,0.0,98.43
2020-12-13,India,Asia,1380000000,9169,78,822575,12826,596.07,9.29,1.559,0.0,98.44
2020-12-20,India,Asia,1380000000,12252,163,834827,12989,604.95,9.41,1.556,0.0,98.44
2020-12-27,India,Asia,1380000000,10695,250,845522,13239,612.7,9.59,1.566,0.0,98.43
2021-01-03,India,Asia,1380000000,8442,126,853964,13365,618.81,9.68,1.565,0.0,98.44
2021-01-10,India,Asia,1380000000,10630,126,864594,13491,626.52,9.78,1.56,0.0,98.44
2021-01-17,India,Asia,1380000000,6328,81,870922,13572,631.1,9.83,1.558,0.0,98.44
2021-01-24,India,Asia,1380000000,6158,146,877080,13718,635.57,9.94,1.564,0.0,98.44
2021-01-31,India,Asia,1380000000,8253,154,885333,13872,641.55,10.05,1.567,0.0,98.43
2021-02-07,India,Asia,1380000000,7570,163,892903,14035,647.03,10.17,1.572,0.0,98.43
2021-02-14,India,Asia,1380000000,4388,101,897291,14136,650.21,10.24,1.575,0.0,98.42
2021-02-21,India,Asia,1380000000,4720,102,902011,14238,653.63,10.32,1.578,0.0,98.42
2021-02-28,India,Asia,1380000000,4715,63,906726,14301,657.05,10.36,1.577,0.0,98.42
2021-03-07,India,Asia,1380000000,2300,27,909026,14328,658.71,10.38,1.576,0.29,98.42
2021-03-14,India,Asia,1380000000,2611,59,911637,14387,660.61,10.43,1.578,0.77,98.42
2021-03-21,India,Asia,1380000000,1564,23,913201,14410,661.74,10.44,1.578,1.57,98.42
2021-03-28,India,Asia,1380000000,1373,18,914574,14428,662.73,10.46,1.578,2.99,98.42
2021-04-04,India,Asia,1380000000,1789,30,916363,14458,664.03,10.48,1.578,4.61,98.42
2021-04-11,India,Asia,1380000000,2039,49,918402,14507,665.51,10.51,1.58,6.38,98.42
2021-04-18,India,Asia,1380000000,2072,34,920474,14541,667.01,10.54,1.58,7.77,98.42
2021-04-25,India,Asia,1380000000,2325,20,922799,14561,668.69,10.55,1.578,9.33,98.42
2021-05-02,India,Asia,1380000000,3471,30,926270,14591,671.21,10.57,1.575,10.7,98.42
2021-05-09,India,Asia,1380000000,5296,63,931566,14654,675.05,10.62,1.573,11.99,98.43
2021-05-16,India,Asia,1380000000,5000,123,936566,14777,678.67,10.71,1.578,13.33,98.42
2021-05-23,India,Asia,1380000000,6398,134,942964,14911,683.31,10.81,1.581,14.67,98.42
2021-05-30,India,Asia,1380000000,7452,106,950416,15017,688.71,10.88,1.58,16.25,98.42
2021-06-06,India,Asia,1380000000,7880,134,958296,15151,694.42,10.98,1.581,17.51,98.42
2021-06-13,India,Asia,1380000000,9635,129,967931,15280,701.4,11.07,1.579,18.82,98.42
2021-06-20,India,Asia,1380000000,6324,114,974255,15394,705.98,11.16,1.58,20.42,98.42
2021-06-27,India,Asia,1380000000,6689,111,980944,15505,710.83,11.24,1.581,21.76,98.42
2021-07-04,India,Asia,1380000000,10973,120,991917,15625,718.78,11.32,1.575,23.38,98.42
2021-07-11,India,Asia,1380000000,10015,239,1001932,15864,726.04,11.5,1.583,24.66,98.42
2021-07-18,India,Asia,1380000000,10291,102,1012223,15966,733.49,11.57,1.577,26.41,98.42
2021-07-25,India,Asia,1380000000,14698,182,1026921,16148,744.15,11.7,1.572,28.01,98.43
2021-08-01,India,Asia,1380000000,14961,260,1041882,16408,754.99,11.89,1.575,29.53,98.42
2021-08-08,India,Asia,1380000000,11095,106,1052977,16514,763.03,11.97,1.568,31.26,98.43
2021-08-15,India,Asia,1380000000,16945,317,1069922,16831,775.31,12.2,1.573,32.67,98.43
2021-08-22,India,Asia,1380000000,12889,262,1082811,17093,784.65,12.39,1.579,34.41,98.42
2021-08-29,India,Asia,1380000000,18054,383,1100865,17476,797.73,12.66,1.587,35.99,98.41
2021-09-05,India,Asia,1380000000,11335,121,1112200,17597,805.94,12.75,1.582,37.73,98.42
2021-09-12,India,Asia,1380000000,16520,134,1128720,17731,817.91,12.85,1.571,38.99,98.43
2021-09-19,India,Asia,1380000000,17485,141,1146205,17872,830.58,12.95,1.559,40.29,98.44
2021-09-26,India,Asia,1380000000,16764,331,1162969,18203,842.73,13.19,1.565,41.88,98.44
2021-10-03,India,Asia,1380000000,13872,278,1176841,18481,852.78,13.39,1.57,43.22,98.43
2021-10-10,India,Asia,1380000000,15152,313,1191993,18794,863.76,13.62,1.577,44.81,98.42
2021-10-17,India,Asia,1380000000,20802,398,1212795,19192,878.84,13.91,1.582,46.35,98.42
2021-10-24,India,Asia,1380000000,13187,187,1225982,19379,888.39,14.04,1.581,47.71,98.42
2021-10-31,India,Asia,1380000000,14937,366,1240919,19745,899.22,14.31,1.591,49.15,98.41
2021-11-07,India,Asia,1380000000,22018,412,1262937,20157,915.17,14.61,1.596,50.82,98.4
2021-11-14,India,Asia,1380000000,17999,320,1280936,20477,928.21,14.84,1.599,52.32,98.4
2021-11-21,India,Asia,1380000000,14777,299,1295713,20776,938.92,15.06,1.603,53.69,98.4
2021-11-28,India,Asia,1380000000,12980,246,1308693,21022,948.33,15.23,1.606,54.99,98.39
2021-12-05,India,Asia,1380000000,23028,557,1331721,21579,965.02,15.64,1.62,56.74,98.38
2021-12-12,India,Asia,1380000000,16811,138,1348532,21717,977.2,15.74,1.61,58.5,98.39
2021-12-19,India,Asia,1380000000,17433,425,1365965,22142,989.83,16.04,1.621,60.28,98.38
2021-12-26,India,Asia,1380000000,22023,286,1387988,22428,1005.79,16.25,1.616,61.71,98.38
2022-01-02,India,Asia,1380000000,21911,293,1409899,22721,1021.67,16.46,1.612,63.01,98.39
2022-01-09,India,Asia,1380000000,18606,444,1428505,23165,1035.15,16.79,1.622,64.63,98.38
2022-01-16,India,Asia,1380000000,18608,179,1447113,23344,1048.63,16.92,1.613,66.2,98.39
2022-01-23,India,Asia,1380000000,22895,237,1470008,23581,1065.22,17.09,1.604,67.71,98.4
2022-01-30,India,Asia,1380000000,21462,441,1491470,24022,1080.78,17.41,1.611,69.33,98.39
2022-02-06,India,Asia,1380000000,19378,273,1510848,24295,1094.82,17.61,1.608,70.7,98.39
2022-02-13,India,Asia,1380000000,20192,439,1531040,24734,1109.45,17.92,1.616,72.42,98.38
2022-02-20,India,Asia,1380000000,20912,349,1551952,25083,1124.6,18.18,1.616,73.92,98.38
2022-02-27,India,Asia,1380000000,19403,369,1571355,25452,1138.66,18.44,1.62,75.55,98.38
2022-03-06,India,Asia,1380000000,18997,439,1590352,25891,1152.43,18.76,1.628,76.95,98.37
2022-03-13,India,Asia,1380000000,14607,140,1604959,26031,1163.01,18.86,1.622,78.5,98.38
2022-03-20,India,Asia,1380000000,11123,177,1616082,26208,1171.07,18.99,1.622,80.02,98.38
2022-03-27,India,Asia,1380000000,13100,236,1629182,26444,1180.57,19.16,1.623,81.24,98.38
2022-04-03,India,Asia,1380000000,10556,232,1639738,26676,1188.22,19.33,1.627,82.66,98.37
2022-04-10,India,Asia,1380000000,11008,185,1650746,26861,1196.19,19.46,1.627,84.32,98.37
2022-04-17,India,Asia,1380000000,11390,211,1662136,27072,1204.45,19.62,1.629,85.57,98.37
2022-04-24,India,Asia,1380000000,9697,165,1671833,27237,1211.47,19.74,1.629,87.09,98.37
2022-05-01,India,Asia,1380000000,13838,281,1685671,27518,1221.5,19.94,1.632,88.88,98.37
2022-05-08,India,Asia,1380000000,12408,167,1698079,27685,1230.49,20.06,1.63,90.56,98.37
2022-05-15,India,Asia,1380000000,10158,157,1708237,27842,1237.85,20.18,1.63,91.8,98.37
2022-05-22,India,Asia,1380000000,8050,196,1716287,28038,1243.69,20.32,1.634,92.0,98.37
2022-05-29,India,Asia,1380000000,11985,179,1728272,28217,1252.37,20.45,1.633,92.0,98.37
2022-06-05,India,Asia,1380000000,8361,102,1736633,28319,1258.43,20.52,1.631,92.0,98.37
2022-06-12,India,Asia,1380000000,12440,239,1749073,28558,1267.44,20.69,1.633,92.0,98.37
2022-06-19,India,Asia,1380000000,14639,300,1763712,28858,1278.05,20.91,1.636,92.0,98.36
2022-06-26,India,Asia,1380000000,12770,193,1776482,29051,1287.31,21.05,1.635,92.0,98.36
2022-07-03,India,Asia,1380000000,11349,237,1787831,29288,1295.53,21.22,1.638,92.0,98.36
2022-07-10,India,Asia,1380000000,9900,86,1797731,29374,1302.7,21.29,1.634,92.0,98.37
2022-07-17,India,Asia,1380000000,16124,321,1813855,29695,1314.39,21.52,1.637,92.0,98.36
2022-07-24,India,Asia,1380000000,10393,170,1824248,29865,1321.92,21.64,1.637,92.0,98.36
2022-07-31,India,Asia,1380000000,11328,174,1835576,30039,1330.13,21.77,1.636,92.0,98.36
2022-08-07,India,Asia,1380000000,15470,290,1851046,30329,1341.34,21.98,1.638,92.0,98.36
2022-08-14,India,Asia,1380000000,13704,255,1864750,30584,1351.27,22.16,1.64,92.0,98.36
2022-08-21,India,Asia,1380000000,18392,353,1883142,30937,1364.6,22.42,1.643,92.0,98.36
2022-08-28,India,Asia,1380000000,11479,217,1894621,31154,1372.91,22.58,1.644,92.0,98.36
2022-09-04,India,Asia,1380000000,16562,397,1911183,31551,1384.92,22.86,1.651,92.0,98.35
2022-09-11,India,Asia,1380000000,14942,282,1926125,31833,1395.74,23.07,1.653,92.0,98.35
2022-09-18,India,Asia,1380000000,16702,400,1942827,32233,1407.85,23.36,1.659,92.0,98.34
2022-09-25,India,Asia,1380000000,21029,491,1963856,32724,1423.08,23.71,1.666,92.0,98.33
2022-10-02,India,Asia,1380000000,12355,120,1976211,32844,1432.04,23.8,1.662,92.0,98.34
2022-10-09,India,Asia,1380000000,12728,249,1988939,33093,1441.26,23.98,1.664,92.0,98.34
2022-10-16,India,Asia,1380000000,15114,337,2004053,33430,1452.21,24.22,1.668,92.0,98.33
2022-10-23,India,Asia,1380000000,20281,259,2024334,33689,1466.91,24.41,1.664,92.0,98.34
2022-10-30,India,Asia,1380000000,19162,358,2043496,34047,1480.79,24.67,1.666,92.0,98.33
2022-11-06,India,Asia,1380000000,19611,424,2063107,34471,1495.01,24.98,1.671,92.0,98.33
2022-11-13,India,Asia,1380000000,13875,288,2076982,34759,1505.06,25.19,1.674,92.0,98.33
2022-11-20,India,Asia,1380000000,22253,334,2099235,35093,1521.18,25.43,1.672,92.0,98.33
2022-11-27,India,Asia,1380000000,19995,275,2119230,35368,1535.67,25.63,1.669,92.0,98.33
2022-12-04,India,Asia,1380000000,20749,317,2139979,35685,1550.71,25.86,1.668,92.0,98.33
2022-12-11,India,Asia,1380000000,19565,190,2159544,35875,1564.89,26.0,1.661,92.0,98.34
2022-12-18,India,Asia,1380000000,16891,372,2176435,36247,1577.13,26.27,1.665,92.0,98.33
2022-12-25,India,Asia,1380000000,20628,301,2197063,36548,1592.07,26.48,1.663,92.0,98.34
2023-01-01,India,Asia,1380000000,20481,195,2217544,36743,1606.92,26.63,1.657,92.0,98.34
2023-01-08,India,Asia,1380000000,20633,498,2238177,37241,1621.87,26.99,1.664,92.0,98.34
2023-01-15,India,Asia,1380000000,17252,269,2255429,37510,1634.37,27.18,1.663,92.0,98.34
2023-01-22,India,Asia,1380000000,14084,273,2269513,37783,1644.57,27.38,1.665,92.0,98.33
2023-01-29,India,Asia,1380000000,18069,387,2287582,38170,1657.67,27.66,1.669,92.0,98.33
2023-02-05,India,Asia,1380000000,14978,134,2302560,38304,1668.52,27.76,1.664,92.0,98.34
2023-02-12,India,Asia,1380000000,14136,326,2316696,38630,1678.77,27.99,1.667,92.0,98.33
2023-02-19,India,Asia,1380000000,10969,114,2327665,38744,1686.71,28.08,1.665,92.0,98.33
2023-02-26,India,Asia,1380000000,14785,143,2342450,38887,1697.43,28.18,1.66,92.0,98.34
2023-03-05,India,Asia,1380000000,14950,138,2357400,39025,1708.26,28.28,1.655,92.0,98.34
2023-03-12,India,Asia,1380000000,14441,135,2371841,39160,1718.73,28.38,1.651,92.0,98.35
2023-03-19,India,Asia,1380000000,15934,228,2387775,39388,1730.27,28.54,1.65,92.0,98.35
2023-03-26,India,Asia,1380000000,14003,337,2401778,39725,1740.42,28.79,1.654,92.0,98.35
2023-04-02,India,Asia,1380000000,12929,186,2414707,39911,1749.79,28.92,1.653,92.0,98.35
2023-04-09,India,Asia,1380000000,12400,216,2427107,40127,1758.77,29.08,1.653,92.0,98.35
2023-04-16,India,Asia,1380000000,12461,123,2439568,40250,1767.8,29.17,1.65,92.0,98.35
2023-04-23,India,Asia,1380000000,6632,105,2446200,40355,1772.61,29.24,1.65,92.0,98.35
2023-04-30,India,Asia,1380000000,6731,67,2452931,40422,1777.49,29.29,1.648,92.0,98.35
2023-05-07,India,Asia,1380000000,9241,165,2462172,40587,1784.18,29.41,1.648,92.0,98.35
2023-05-14,India,Asia,1380000000,6806,87,2468978,40674,1789.11,29.47,1.647,92.0,98.35
2023-05-21,India,Asia,1380000000,5546,135,2474524,40809,1793.13,29.57,1.649,92.0,98.35
2023-05-28,India,Asia,1380000000,7593,66,2482117,40875,1798.64,29.62,1.647,92.0,98.35
2023-06-04,India,Asia,1380000000,5322,132,2487439,41007,1802.49,29.72,1.649,92.0,98.35
2023-06-11,India,Asia,1380000000,5240,128,2492679,41135,1806.29,29.81,1.65,92.0,98.35
2023-06-18,India,Asia,1380000000,5285,104,2497964,41239,1810.12,29.88,1.651,92.0,98.35
2023-06-25,India,Asia,1380000000,5083,91,2503047,41330,1813.8,29.95,1.651,92.0,98.35
2023-07-02,India,Asia,1380000000,3294,42,2506341,41372,1816.19,29.98,1.651,92.0,98.35
2023-07-09,India,Asia,1380000000,5340,84,2511681,41456,1820.06,30.04,1.651,92.0,98.35
2023-07-16,India,Asia,1380000000,3567,39,2515248,41495,1822.64,30.07,1.65,92.0,98.35
2023-07-23,India,Asia,1380000000,3556,63,2518804,41558,1825.22,30.11,1.65,92.0,98.35
2023-07-30,India,Asia,1380000000,4721,116,2523525,41674,1828.64,30.2,1.651,92.0,98.35
2023-08-06,India,Asia,1380000000,3521,46,2527046,41720,1831.19,30.23,1.651,92.0,98.35
2023-08-13,India,Asia,1380000000,3569,38,2530615,41758,1833.78,30.26,1.65,92.0,98.35
2023-08-20,India,Asia,1380000000,4179,100,2534794,41858,1836.81,30.33,1.651,92.0,98.35
2023-08-27,India,Asia,1380000000,4594,69,2539388,41927,1840.14,30.38,1.651,92.0,98.35
2023-09-03,India,Asia,1380000000,6216,54,2545604,41981,1844.64,30.42,1.649,92.0,98.35
2023-09-10,India,Asia,1380000000,5449,118,2551053,42099,1848.59,30.51,1.65,92.0,98.35
2023-09-17,India,Asia,1380000000,5268,95,2556321,42194,1852.41,30.58,1.651,92.0,98.35
2023-09-24,India,Asia,1380000000,9535,212,2565856,42406,1859.32,30.73,1.653,92.0,98.35
2023-10-01,India,Asia,1380000000,8045,121,2573901,42527,1865.15,30.82,1.652,92.0,98.35
2023-10-08,India,Asia,1380000000,6566,149,2580467,42676,1869.9,30.92,1.654,92.0,98.35
2023-10-15,India,Asia,1380000000,12586,313,2593053,42989,1879.02,31.15,1.658,92.0,98.34
2023-10-22,India,Asia,1380000000,12081,290,2605134,43279,1887.78,31.36,1.661,92.0,98.34
2023-10-29,India,Asia,1380000000,9422,147,2614556,43426,1894.61,31.47,1.661,92.0,98.34
2023-11-05,India,Asia,1380000000,15003,274,2629559,43700,1905.48,31.67,1.662,92.0,98.34
2023-11-12,India,Asia,1380000000,13740,254,2643299,43954,1915.43,31.85,1.663,92.0,98.34
2023-11-19,India,Asia,1380000000,10065,195,2653364,44149,1922.73,31.99,1.664,92.0,98.34
2023-11-26,India,Asia,1380000000,15970,268,2669334,44417,1934.3,32.19,1.664,92.0,98.34
2023-12-03,India,Asia,1380000000,14775,259,2684109,44676,1945.01,32.37,1.664,92.0,98.34
2023-12-10,India,Asia,1380000000,14043,144,2698152,44820,1955.18,32.48,1.661,92.0,98.34
2023-12-17,India,Asia,1380000000,17825,330,2715977,45150,1968.1,32.72,1.662,92.0,98.34
2023-12-24,India,Asia,1380000000,13232,136,2729209,45286,1977.69,32.82,1.659,92.0,98.34
2023-12-31,India,Asia,1380000000,15006,270,2744215,45556,1988.56,33.01,1.66,92.0,98.34
2020-01-05,United States,North America,331000000,9982,203,9982,203,30.16,0.61,2.034,0.0,97.97
2020-01-12,United States,North America,331000000,14480,226,24462,429,73.9,1.3,1.754,0.0,98.25
2020-01-19,United States,North America,331000000,18591,242,43053,671,130.07,2.03,1.559,0.0,98.44
2020-01-26,United States,North America,331000000,15964,317,59017,988,178.3,2.98,1.674,0.0,98.33
2020-02-02,United States,North America,331000000,19492,308,78509,1296,237.19,3.92,1.651,0.0,98.35
2020-02-09,United States,North America,331000000,20895,440,99404,1736,300.31,5.24,1.746,0.0,98.25
2020-02-16,United States,North America,331000000,13393,117,112797,1853,340.78,5.6,1.643,0.0,98.36
2020-02-23,United States,North America,331000000,20219,281,133016,2134,401.86,6.45,1.604,0.0,98.4
2020-03-01,United States,North America,331000000,16160,288,149176,2422,450.68,7.32,1.624,0.0,98.38
2020-03-08,United States,North America,331000000,18347,314,167523,2736,506.11,8.27,1.633,0.0,98.37
2020-03-15,United States,North America,331000000,20444,366,187967,3102,567.88,9.37,1.65,0.0,98.35
2020-03-22,United States,North America,331000000,20297,403,208264,3505,629.2,10.59,1.683,0.0,98.32
2020-03-29,United States,North America,331000000,17939,355,226203,3860,683.39,11.66,1.706,0.0,98.29
2020-04-05,United States,North America,331000000,21574,493,247777,4353,748.57,13.15,1.757,0.0,98.24
2020-04-12,United States,North America,331000000,23543,577,271320,4930,819.7,14.89,1.817,0.0,98.18
2020-04-19,United States,North America,331000000,25302,298,296622,5228,896.14,15.79,1.763,0.0,98.24
2020-04-26,United States,North America,331000000,29017,402,325639,5630,983.8,17.01,1.729,0.0,98.27
2020-05-03,United States,North America,331000000,22498,192,348137,5822,1051.77,17.59,1.672,0.0,98.33
2020-05-10,United States,North America,331000000,25900,442,374037,6264,1130.02,18.92,1.675,0.0,98.33
2020-05-17,United States,North America,331000000,23322,541,397359,6805,1200.48,20.56,1.713,0.0,98.29
2020-05-24,United States,North America,331000000,20092,273,417451,7078,1261.18,21.38,1.696,0.0,98.3
2020-05-31,United States,North America,331000000,23335,223,440786,7301,1331.68,22.06,1.656,0.0,98.34
2020-06-07,United States,North America,331000000,26074,513,466860,7814,1410.45,23.61,1.674,0.0,98.33
2020-06-14,United States,North America,331000000,26755,285,493615,8099,1491.28,24.47,1.641,0.0,98.36
2020-06-21,United States,North America,331000000,24755,199,518370,8298,1566.07,25.07,1.601,0.0,98.4
2020-06-28,United States,North America,331000000,32762,309,551132,8607,1665.05,26.0,1.562,0.0,98.44
2020-07-05,United States,North America,331000000,28467,705,579599,9312,1751.05,28.13,1.607,0.0,98.39
2020-07-12,United States,North America,331000000,27508,652,607107,9964,1834.16,30.1,1.641,0.0,98.36
2020-07-19,United States,North America,331000000,22634,473,629741,10437,1902.54,31.53,1.657,0.0,98.34
2020-07-26,United States,North America,331000000,27324,553,657065,10990,1985.09,33.2,1.673,0.0,98.33
2020-08-02,United States,North America,331000000,19692,206,676757,11196,2044.58,33.82,1.654,0.0,98.35
2020-08-09,United States,North America,331000000,20699,407,697456,11603,2107.12,35.05,1.664,0.0,98.34
2020-08-16,United States,North America,331000000,31777,659,729233,12262,2203.12,37.05,1.681,0.0,98.32
2020-08-23,United States,North America,331000000,18734,426,747967,12688,2259.72,38.33,1.696,0.0,98.3
2020-08-30,United States,North America,331000000,23527,347,771494,13035,2330.8,39.38,1.69,0.0,98.31
2020-09-06,United States,North America,331000000,19409,398,790903,13433,2389.44,40.58,1.698,0.0,98.3
2020-09-13,United States,North America,331000000,20277,356,811180,13789,2450.69,41.66,1.7,0.0,98.3
2020-09-20,United States,North America,331000000,29656,282,840836,14071,2540.29,42.51,1.673,0.0,98.33
2020-09-27,United States,North America,331000000,24660,295,865496,14366,2614.79,43.4,1.66,0.0,98.34
2020-10-04,United States,North America,331000000,21405,343,886901,14709,2679.46,44.44,1.658,0.0,98.34
2020-10-11,United States,North America,331000000,21068,400,907969,15109,2743.11,45.65,1.664,0.0,98.34
2020-10-18,United States,North America,331000000,22200,398,930169,15507,2810.18,46.85,1.667,0.0,98.33
2020-10-25,United States,North America,331000000,24941,436,955110,15943,2885.53,48.17,1.669,0.0,98.33
2020-11-01,United States,North America,331000000,22260,391,977370,16334,2952.78,49.35,1.671,0.0,98.33
2020-11-08,United States,North America,331000000,18961,260,996331,16594,3010.06,50.13,1.666,0.0,98.33
2020-11-15,United States,North America,331000000,24422,447,1020753,17041,3083.85,51.48,1.669,0.0,98.33
2020-11-22,United States,North America,331000000,16013,263,1036766,17304,3132.22,52.28,1.669,0.0,98.33
2020-11-29,United States,North America,331000000,16254,388,1053020,17692,3181.33,53.45,1.68,0.0,98.32
2020-12-06,United States,North America,331000000,12151,143,1065171,17835,3218.04,53.88,1.674,0.0,98.33
2020-12-13,United States,North America,331000000,15045,245,1080216,18080,3263.49,54.62,1.674,0.0,98.33
2020-12-20,United States,North America,331000000,18714,177,1098930,18257,3320.03,55.16,1.661,0.0,98.34
2020-12-27,United States,North America,331000000,17190,153,1116120,18410,3371.96,55.62,1.649,0.0,98.35
2021-01-03,United States,North America,331000000,16351,145,1132471,18555,3421.36,56.06,1.638,0.0,98.36
2021-01-10,United States,North America,331000000,8944,177,1141415,18732,3448.38,56.59,1.641,0.0,98.36
2021-01-17,United States,North America,331000000,15030,349,1156445,19081,3493.79,57.65,1.65,0.0,98.35
2021-01-24,United States,North America,331000000,11032,260,1167477,19341,3527.12,58.43,1.657,0.0,98.34
2021-01-31,United States,North America,331000000,6686,164,1174163,19505,3547.32,58.93,1.661,0.0,98.34
2021-02-07,United States,North America,331000000,8403,170,1182566,19675,3572.71,59.44,1.664,0.0,98.34
2021-02-14,United States,North America,331000000,8799,177,1191365,19852,3599.29,59.98,1.666,0.0,98.33
2021-02-21,United States,North America,331000000,6427,103,1197792,19955,3618.71,60.29,1.666,0.0,98.33
2021-02-28,United States,North America,331000000,6258,71,1204050,20026,3637.61,60.5,1.663,0.0,98.34
2021-03-07,United States,North America,331000000,5251,105,1209301,20131,3653.48,60.82,1.665,0.26,98.33
2021-03-14,United States,North America,331000000,3418,58,1212719,20189,3663.8,60.99,1.665,0.91,98.33
2021-03-21,United States,North America,331000000,2463,23,1215182,20212,3671.24,61.06,1.663,1.82,98.34
2021-03-28,United States,North America,331000000,3058,41,1218240,20253,3680.48,61.19,1.662,3.06,98.34
2021-04-04,United States,North America,331000000,2518,39,1220758,20292,3688.09,61.31,1.662,4.59,98.34
2021-04-11,United States,North America,331000000,3120,35,1223878,20327,3697.52,61.41,1.661,6.2,98.34
2021-04-18,United States,North America,331000000,2502,25,1226380,20352,3705.08,61.49,1.66,7.4,98.34
2021-04-25,United States,North America,331000000,2806,45,1229186,20397,3713.55,61.62,1.659,8.97,98.34
2021-05-02,United States,North America,331000000,5567,54,1234753,20451,3730.37,61.79,1.656,10.68,98.34
2021-05-09,United States,North America,331000000,6664,99,1241417,20550,3750.5,62.08,1.655,12.44,98.34
2021-05-16,United States,North America,331000000,8893,102,1250310,20652,3777.37,62.39,1.652,13.86,98.35
2021-05-23,United States,North America,331000000,9942,201,1260252,20853,3807.41,63.0,1.655,15.09,98.34
2021-05-30,United States,North America,331000000,10458,230,1270710,21083,3839.0,63.69,1.659,16.74,98.34
2021-06-06,United States,North America,331000000,11748,258,1282458,21341,3874.5,64.47,1.664,18.05,98.34
2021-06-13,United States,North America,331000000,9213,172,1291671,21513,3902.33,64.99,1.666,19.8,98.33
2021-06-20,United States,North America,331000000,10603,190,1302274,21703,3934.36,65.57,1.667,21.41,98.33
2021-06-27,United States,North America,331000000,12490,251,1314764,21954,3972.1,66.33,1.67,23.15,98.33
2021-07-04,United States,North America,331000000,14804,254,1329568,22208,4016.82,67.09,1.67,24.61,98.33
2021-07-11,United States,North America,331000000,15350,215,1344918,22423,4063.2,67.74,1.667,26.05,98.33
2021-07-18,United States,North America,331000000,15826,144,1360744,22567,4111.01,68.18,1.658,27.38,98.34
2021-07-25,United States,North America,331000000,16780,257,1377524,22824,4161.7,68.95,1.657,28.78,98.34
2021-08-01,United States,North America,331000000,19530,386,1397054,23210,4220.71,70.12,1.661,30.08,98.34
2021-08-08,United States,North America,331000000,21992,361,1419046,23571,4287.15,71.21,1.661,31.73,98.34
2021-08-15,United States,North America,331000000,19469,485,1438515,24056,4345.97,72.68,1.672,33.38,98.33
2021-08-22,United States,North America,331000000,21746,461,1460261,24517,4411.66,74.07,1.679,34.67,98.32
2021-08-29,United States,North America,331000000,16454,331,1476715,24848,4461.37,75.07,1.683,36.16,98.32
2021-09-05,United States,North America,331000000,23768,231,1500483,25079,4533.18,75.77,1.671,37.68,98.33
2021-09-12,United States,North America,331000000,19656,309,1520139,25388,4592.56,76.7,1.67,39.25,98.33
2021-09-19,United States,North America,331000000,21765,373,1541904,25761,4658.32,77.83,1.671,40.74,98.33
2021-09-26,United States,North America,331000000,21019,443,1562923,26204,4721.82,79.17,1.677,41.95,98.32
2021-10-03,United States,North America,331000000,24030,423,1586953,26627,4794.42,80.44,1.678,43.58,98.32
2021-10-10,United States,North America,331000000,24477,539,1611430,27166,4868.37,82.07,1.686,45.35,98.31
2021-10-17,United States,North America,331000000,21258,252,1632688,27418,4932.59,82.83,1.679,46.81,98.32
2021-10-24,United States,North America,331000000,20776,383,1653464,27801,4995.36,83.99,1.681,48.55,98.32
2021-10-31,United States,North America,331000000,18874,183,1672338,27984,5052.38,84.54,1.673,49.91,98.33
2021-11-07,United States,North America,331000000,27633,499,1699971,28483,5135.86,86.05,1.675,51.17,98.33
2021-11-14,United States,North America,331000000,30694,657,1730665,29140,5228.6,88.04,1.684,52.38,98.32
2021-11-21,United States,North America,331000000,26927,568,1757592,29708,5309.95,89.75,1.69,53.81,98.31
2021-11-28,United States,North America,331000000,18382,171,1775974,29879,5365.48,90.27,1.682,55.07,98.32
2021-12-05,United States,North America,331000000,29942,703,1805916,30582,5455.94,92.39,1.693,56.34,98.31
2021-12-12,United States,North America,331000000,20944,226,1826860,30808,5519.21,93.08,1.686,57.65,98.31
2021-12-19,United States,North America,331000000,29905,408,1856765,31216,5609.56,94.31,1.681,59.04,98.32
2021-12-26,United States,North America,331000000,20750,380,1877515,31596,5672.25,95.46,1.683,60.47,98.32
2022-01-02,United States,North America,331000000,28325,325,1905840,31921,5757.82,96.44,1.675,62.14,98.33
2022-01-09,United States,North America,331000000,26089,259,1931929,32180,5836.64,97.22,1.666,63.59,98.33
2022-01-16,United States,North America,331000000,29693,703,1961622,32883,5926.35,99.34,1.676,65.07,98.32
2022-01-23,United States,North America,331000000,23874,563,1985496,33446,5998.48,101.05,1.685,66.62,98.31
2022-01-30,United States,North America,331000000,17192,404,2002688,33850,6050.42,102.27,1.69,67.97,98.31
2022-02-06,United States,North America,331000000,24685,266,2027373,34116,6124.99,103.07,1.683,69.19,98.32
2022-02-13,United States,North America,331000000,20618,438,2047991,34554,6187.28,104.39,1.687,70.56,98.31
2022-02-20,United States,North America,331000000,19032,221,2067023,34775,6244.78,105.06,1.682,72.07,98.32
2022-02-27,United States,North America,331000000,28875,456,2095898,35231,6332.02,106.44,1.681,73.6,98.32
2022-03-06,United States,North America,331000000,26788,457,2122686,35688,6412.95,107.82,1.681,74.91,98.32
2022-03-13,United States,North America,331000000,18957,251,2141643,35939,6470.22,108.58,1.678,76.35,98.32
2022-03-20,United States,North America,331000000,20119,434,2161762,36373,6531.0,109.89,1.683,77.76,98.32
2022-03-27,United States,North America,331000000,20118,374,2181880,36747,6591.78,111.02,1.684,79.19,98.32
2022-04-03,United States,North America,331000000,23975,431,2205855,37178,6664.21,112.32,1.685,80.56,98.31
2022-04-10,United States,North America,331000000,21844,370,2227699,37548,6730.21,113.44,1.686,82.08,98.31
2022-04-17,United States,North America,331000000,18532,304,2246231,37852,6786.2,114.36,1.685,83.74,98.31
2022-04-24,United States,North America,331000000,13795,188,2260026,38040,6827.87,114.92,1.683,84.99,98.32
2022-05-01,United States,North America,331000000,20102,253,2280128,38293,6888.6,115.69,1.679,86.73,98.32
2022-05-08,United States,North America,331000000,17040,368,2297168,38661,6940.08,116.8,1.683,88.51,98.32
2022-05-15,United States,North America,331000000,19355,440,2316523,39101,6998.56,118.13,1.688,89.96,98.31
2022-05-22,United States,North America,331000000,15842,195,2332365,39296,7046.42,118.72,1.685,91.28,98.31
2022-05-29,United States,North America,331000000,14687,266,2347052,39562,7090.79,119.52,1.686,92.0,98.31
2022-06-05,United States,North America,331000000,14976,345,2362028,39907,7136.04,120.56,1.69,92.0,98.31
2022-06-12,United States,North America,331000000,17038,369,2379066,40276,7187.51,121.68,1.693,92.0,98.31
2022-06-19,United States,North America,331000000,16670,362,2395736,40638,7237.87,122.77,1.696,92.0,98.3
2022-06-26,United States,North America,331000000,20693,215,2416429,40853,7300.39,123.42,1.691,92.0,98.31
2022-07-03,United States,North America,331000000,15167,143,2431596,40996,7346.21,123.85,1.686,92.0,98.31
2022-07-10,United States,North America,331000000,20045,449,2451641,41445,7406.77,125.21,1.691,92.0,98.31
2022-07-17,United States,North America,331000000,22238,420,2473879,41865,7473.95,126.48,1.692,92.0,98.31
2022-07-24,United States,North America,331000000,23307,433,2497186,42298,7544.37,127.79,1.694,92.0,98.31
2022-07-31,United States,North America,331000000,22987,325,2520173,42623,7613.82,128.77,1.691,92.0,98.31
2022-08-07,United States,North America,331000000,23662,328,2543835,42951,7685.3,129.76,1.688,92.0,98.31
2022-08-14,United States,North America,331000000,18562,420,2562397,43371,7741.38,131.03,1.693,92.0,98.31
2022-08-21,United States,North America,331000000,26572,564,2588969,43935,7821.66,132.73,1.697,92.0,98.3
2022-08-28,United States,North America,331000000,21941,543,2610910,44478,7887.95,134.37,1.704,92.0,98.3
2022-09-04,United States,North America,331000000,17400,282,2628310,44760,7940.51,135.23,1.703,92.0,98.3
2022-09-11,United States,North America,331000000,25033,497,2653343,45257,8016.14,136.73,1.706,92.0,98.29
2022-09-18,United States,North America,331000000,18437,349,2671780,45606,8071.84,137.78,1.707,92.0,98.29
2022-09-25,United States,North America,331000000,17523,408,2689303,46014,8124.78,139.02,1.711,92.0,98.29
2022-10-02,United States,North America,331000000,25242,554,2714545,46568,8201.04,140.69,1.715,92.0,98.28
2022-10-09,United States,North America,331000000,27304,449,2741849,47017,8283.53,142.05,1.715,92.0,98.28
2022-10-16,United States,North America,331000000,21830,359,2763679,47376,8349.48,143.13,1.714,92.0,98.29
2022-10-23,United States,North America,331000000,17793,184,2781472,47560,8403.24,143.69,1.71,92.0,98.29
2022-10-30,United States,North America,331000000,20118,411,2801590,47971,8464.02,144.93,1.712,92.0,98.29
2022-11-06,United States,North America,331000000,25334,415,2826924,48386,8540.56,146.18,1.712,92.0,98.29
2022-11-13,United States,North America,331000000,28250,420,2855174,48806,8625.9,147.45,1.709,92.0,98.29
2022-11-20,United States,North America,331000000,22371,313,2877545,49119,8693.49,148.4,1.707,92.0,98.29
2022-11-27,United States,North America,331000000,18977,180,2896522,49299,8750.82,148.94,1.702,92.0,98.3
2022-12-04,United States,North America,331000000,17272,383,2913794,49682,8803.0,150.1,1.705,92.0,98.3
2022-12-11,United States,North America,331000000,28945,586,2942739,50268,8890.45,151.87,1.708,92.0,98.29
2022-12-18,United States,North America,331000000,29180,430,2971919,50698,8978.61,153.17,1.706,92.0,98.29
2022-12-25,United States,North America,331000000,17773,288,2989692,50986,9032.3,154.04,1.705,92.0,98.3
2023-01-01,United States,North America,331000000,23026,247,3012718,51233,9101.87,154.78,1.701,92.0,98.3
2023-01-08,United States,North America,331000000,26786,649,3039504,51882,9182.79,156.74,1.707,92.0,98.29
2023-01-15,United States,North America,331000000,23438,376,3062942,52258,9253.6,157.88,1.706,92.0,98.29
2023-01-22,United States,North America,331000000,19519,293,3082461,52551,9312.57,158.76,1.705,92.0,98.3
2023-01-29,United States,North America,331000000,22230,351,3104691,52902,9379.73,159.82,1.704,92.0,98.3
2023-02-05,United States,North America,331000000,15317,123,3120008,53025,9426.01,160.2,1.7,92.0,98.3
2023-02-12,United States,North America,331000000,14061,137,3134069,53162,9468.49,160.61,1.696,92.0,98.3
2023-02-19,United States,North America,331000000,23027,560,3157096,53722,9538.05,162.3,1.702,92.0,98.3
2023-02-26,United States,North America,331000000,21000,354,3178096,54076,9601.5,163.37,1.702,92.0,98.3
2023-03-05,United States,North America,331000000,23218,485,3201314,54561,9671.64,164.84,1.704,92.0,98.3
2023-03-12,United States,North America,331000000,20268,411,3221582,54972,9732.88,166.08,1.706,92.0,98.29
2023-03-19,United States,North America,331000000,21690,506,3243272,55478,9798.4,167.61,1.711,92.0,98.29
2023-03-26,United States,North America,331000000,17960,159,3261232,55637,9852.66,168.09,1.706,92.0,98.29
2023-04-02,United States,North America,331000000,11130,200,3272362,55837,9886.29,168.69,1.706,92.0,98.29
2023-04-09,United States,North America,331000000,14999,240,3287361,56077,9931.6,169.42,1.706,92.0,98.29
2023-04-16,United States,North America,331000000,10562,215,3297923,56292,9963.51,170.07,1.707,92.0,98.29
2023-04-23,United States,North America,331000000,9852,149,3307775,56441,9993.28,170.52,1.706,92.0,98.29
2023-04-30,United States,North America,331000000,13665,122,3321440,56563,10034.56,170.89,1.703,92.0,98.3
2023-05-07,United States,North America,331000000,11140,211,3332580,56774,10068.22,171.52,1.704,92.0,98.3
2023-05-14,United States,North America,331000000,9230,161,3341810,56935,10096.1,172.01,1.704,92.0,98.3
2023-05-21,United States,North America,331000000,11173,190,3352983,57125,10129.86,172.58,1.704,92.0,98.3
2023-05-28,United States,North America,331000000,7622,135,3360605,57260,10152.89,172.99,1.704,92.0,98.3
2023-06-04,United States,North America,331000000,7311,140,3367916,57400,10174.97,173.41,1.704,92.0,98.3
2023-06-11,United States,North America,331000000,7013,106,3374929,57506,10196.16,173.73,1.704,92.0,98.3
2023-06-18,United States,North America,331000000,6364,100,3381293,57606,10215.39,174.04,1.704,92.0,98.3
2023-06-25,United States,North America,331000000,4513,50,3385806,57656,10229.02,174.19,1.703,92.0,98.3
2023-07-02,United States,North America,331000000,7788,71,3393594,57727,10252.55,174.4,1.701,92.0,98.3
2023-07-09,United States,North America,331000000,4321,41,3397915,57768,10265.6,174.53,1.7,92.0,98.3
2023-07-16,United States,North America,331000000,5551,99,3403466,57867,10282.37,174.82,1.7,92.0,98.3
2023-07-23,United States,North America,331000000,4998,47,3408464,57914,10297.47,174.97,1.699,92.0,98.3
2023-07-30,United States,North America,331000000,5085,103,3413549,58017,10312.84,175.28,1.7,92.0,98.3
2023-08-06,United States,North America,331000000,4612,60,3418161,58077,10326.77,175.46,1.699,92.0,98.3
2023-08-13,United States,North America,331000000,4953,89,3423114,58166,10341.73,175.73,1.699,92.0,98.3
2023-08-20,United States,North America,331000000,5956,52,3429070,58218,10359.73,175.89,1.698,92.0,98.3
2023-08-27,United States,North America,331000000,5490,55,3434560,58273,10376.31,176.05,1.697,92.0,98.3
2023-09-03,United States,North America,331000000,8201,101,3442761,58374,10401.09,176.36,1.696,92.0,98.3
2023-09-10,United States,North America,331000000,10359,238,3453120,58612,10432.39,177.08,1.697,92.0,98.3
2023-09-17,United States,North America,331000000,11304,280,3464424,58892,10466.54,177.92,1.7,92.0,98.3
2023-09-24,United States,North America,331000000,7503,111,3471927,59003,10489.21,178.26,1.699,92.0,98.3
2023-10-01,United States,North America,331000000,9383,207,3481310,59210,10517.55,178.88,1.701,92.0,98.3
2023-10-08,United States,North America,331000000,8894,129,3490204,59339,10544.42,179.27,1.7,92.0,98.3
2023-10-15,United States,North America,331000000,16843,371,3507047,59710,10595.31,180.39,1.703,92.0,98.3
2023-10-22,United States,North America,331000000,15305,178,3522352,59888,10641.55,180.93,1.7,92.0,98.3
2023-10-29,United States,North America,331000000,16044,271,3538396,60159,10690.02,181.75,1.7,92.0,98.3
2023-11-05,United States,North America,331000000,16242,265,3554638,60424,10739.09,182.55,1.7,92.0,98.3
2023-11-12,United States,North America,331000000,21060,334,3575698,60758,10802.71,183.56,1.699,92.0,98.3
2023-11-19,United States,North America,331000000,20546,176,3596244,60934,10864.79,184.09,1.694,92.0,98.31
2023-11-26,United States,North America,331000000,22787,359,3619031,61293,10933.63,185.18,1.694,92.0,98.31
2023-12-03,United States,North America,331000000,16895,272,3635926,61565,10984.67,186.0,1.693,92.0,98.31
2023-12-10,United States,North America,331000000,24647,212,3660573,61777,11059.13,186.64,1.688,92.0,98.31
2023-12-17,United States,North America,331000000,26566,544,3687139,62321,11139.39,188.28,1.69,92.0,98.31
2023-12-24,United States,North America,331000000,18582,150,3705721,62471,11195.53,188.73,1.686,92.0,98.31
2023-12-31,United States,North America,331000000,16410,279,3722131,62750,11245.11,189.58,1.686,92.0,98.31
2020-01-05,Brazil,South America,213000000,7708,71,7708,71,36.19,0.33,0.921,0.0,99.08
2020-01-12,Brazil,South America,213000000,8949,146,16657,217,78.2,1.02,1.303,0.0,98.7
2020-01-19,Brazil,South America,213000000,7740,139,24397,356,114.54,1.67,1.459,0.0,98.54
2020-01-26,Brazil,South America,213000000,9874,137,34271,493,160.9,2.31,1.439,0.0,98.56
2020-02-02,Brazil,South America,213000000,9616,169,43887,662,206.04,3.11,1.508,0.0,98.49
2020-02-09,Brazil,South America,213000000,7829,179,51716,841,242.8,3.95,1.626,0.0,98.37
2020-02-16,Brazil,South America,213000000,11202,215,62918,1056,295.39,4.96,1.678,0.0,98.32
2020-02-23,Brazil,South America,213000000,11980,272,74898,1328,351.63,6.23,1.773,0.0,98.23
2020-03-01,Brazil,South America,213000000,11562,257,86460,1585,405.92,7.44,1.833,0.0,98.17
2020-03-08,Brazil,South America,213000000,11905,232,98365,1817,461.81,8.53,1.847,0.0,98.15
2020-03-15,Brazil,South America,213000000,11779,244,110144,2061,517.11,9.68,1.871,0.0,98.13
2020-03-22,Brazil,South America,213000000,9012,207,119156,2268,559.42,10.65,1.903,0.0,98.1
2020-03-29,Brazil,South America,213000000,14256,121,133412,2389,626.35,11.22,1.791,0.0,98.21
2020-04-05,Brazil,South America,213000000,14299,145,147711,2534,693.48,11.9,1.716,0.0,98.28
2020-04-12,Brazil,South America,213000000,11036,227,158747,2761,745.29,12.96,1.739,0.0,98.26
2020-04-19,Brazil,South America,213000000,9970,218,168717,2979,792.1,13.99,1.766,0.0,98.23
2020-04-26,Brazil,South America,213000000,15313,254,184030,3233,863.99,15.18,1.757,0.0,98.24
2020-05-03,Brazil,South America,213000000,9150,117,193180,3350,906.95,15.73,1.734,0.0,98.27
2020-05-10,Brazil,South America,213000000,14138,348,207318,3698,973.32,17.36,1.784,0.0,98.22
2020-05-17,Brazil,South America,213000000,14462,179,221780,3877,1041.22,18.2,1.748,0.0,98.25
2020-05-24,Brazil,South America,213000000,14663,251,236443,4128,1110.06,19.38,1.746,0.0,98.25
2020-05-31,Brazil,South America,213000000,16023,157,252466,4285,1185.29,20.12,1.697,0.0,98.3
2020-06-07,Brazil,South America,213000000,16014,275,268480,4560,1260.47,21.41,1.698,0.0,98.3
2020-06-14,Brazil,South America,213000000,17824,246,286304,4806,1344.15,22.56,1.679,0.0,98.32
2020-06-21,Brazil,South America,213000000,15146,361,301450,5167,1415.26,24.26,1.714,0.0,98.29
2020-06-28,Brazil,South America,213000000,10727,256,312177,5423,1465.62,25.46,1.737,0.0,98.26
2020-07-05,Brazil,South America,213000000,15713,143,327890,5566,1539.39,26.13,1.698,0.0,98.3
2020-07-12,Brazil,South America,213000000,12444,249,340334,5815,1597.81,27.3,1.709,0.0,98.29
2020-07-19,Brazil,South America,213000000,10453,187,350787,6002,1646.89,28.18,1.711,0.0,98.29
2020-07-26,Brazil,South America,213000000,12779,237,363566,6239,1706.88,29.29,1.716,0.0,98.28
2020-08-02,Brazil,South America,213000000,10199,232,373765,6471,1754.77,30.38,1.731,0.0,98.27
2020-08-09,Brazil,South America,213000000,17894,437,391659,6908,1838.77,32.43,1.764,0.0,98.24
2020-08-16,Brazil,South America,213000000,15897,162,407556,7070,1913.41,33.19,1.735,0.0,98.27
2020-08-23,Brazil,South America,213000000,15815,133,423371,7203,1987.66,33.82,1.701,0.0,98.3
2020-08-30,Brazil,South America,213000000,9655,130,433026,7333,2032.99,34.43,1.693,0.0,98.31
2020-09-06,Brazil,South America,213000000,13265,279,446291,7612,2095.26,35.74,1.706,0.0,98.29
2020-09-13,Brazil,South America,213000000,14599,227,460890,7839,2163.8,36.8,1.701,0.0,98.3
2020-09-20,Brazil,South America,213000000,11171,278,472061,8117,2216.25,38.11,1.719,0.0,98.28
2020-09-27,Brazil,South America,213000000,12116,189,484177,8306,2273.13,39.0,1.715,0.0,98.28
2020-10-04,Brazil,South America,213000000,9903,213,494080,8519,2319.62,40.0,1.724,0.0,98.28
2020-10-11,Brazil,South America,213000000,13522,158,507602,8677,2383.11,40.74,1.709,0.0,98.29
2020-10-18,Brazil,South America,213000000,8843,173,516445,8850,2424.62,41.55,1.714,0.0,98.29
2020-10-25,Brazil,South America,213000000,12528,158,528973,9008,2483.44,42.29,1.703,0.0,98.3
2020-11-01,Brazil,South America,213000000,14115,149,543088,9157,2549.71,42.99,1.686,0.0,98.31
2020-11-08,Brazil,South America,213000000,10299,247,553387,9404,2598.06,44.15,1.699,0.0,98.3
2020-11-15,Brazil,South America,213000000,9844,185,563231,9589,2644.28,45.02,1.702,0.0,98.3
2020-11-22,Brazil,South America,213000000,9320,118,572551,9707,2688.03,45.57,1.695,0.0,98.31
2020-11-29,Brazil,South America,213000000,12260,183,584811,9890,2745.59,46.43,1.691,0.0,98.31
2020-12-06,Brazil,South America,213000000,11196,133,596007,10023,2798.15,47.06,1.682,0.0,98.32
2020-12-13,Brazil,South America,213000000,7114,60,603121,10083,2831.55,47.34,1.672,0.0,98.33
2020-12-20,Brazil,South America,213000000,8855,126,611976,10209,2873.13,47.93,1.668,0.0,98.33
2020-12-27,Brazil,South America,213000000,9293,149,621269,10358,2916.76,48.63,1.667,0.0,98.33
2021-01-03,Brazil,South America,213000000,9122,101,630391,10459,2959.58,49.1,1.659,0.0,98.34
2021-01-10,Brazil,South America,213000000,8066,171,638457,10630,2997.45,49.91,1.665,0.0,98.33
2021-01-17,Brazil,South America,213000000,7065,157,645522,10787,3030.62,50.64,1.671,0.0,98.33
2021-01-24,Brazil,South America,213000000,6407,119,651929,10906,3060.7,51.2,1.673,0.0,98.33
2021-01-31,Brazil,South America,213000000,3887,33,655816,10939,3078.95,51.36,1.668,0.0,98.33
2021-02-07,Brazil,South America,213000000,5557,102,661373,11041,3105.04,51.84,1.669,0.0,98.33
2021-02-14,Brazil,South America,213000000,4563,73,665936,11114,3126.46,52.18,1.669,0.0,98.33
2021-02-21,Brazil,South America,213000000,2546,25,668482,11139,3138.41,52.3,1.666,0.0,98.33
2021-02-28,Brazil,South America,213000000,3034,46,671516,11185,3152.66,52.51,1.666,0.0,98.33
2021-03-07,Brazil,South America,213000000,1765,28,673281,11213,3160.94,52.64,1.665,0.25,98.33
2021-03-14,Brazil,South America,213000000,1649,20,674930,11233,3168.69,52.74,1.664,0.92,98.34
2021-03-21,Brazil,South America,213000000,987,15,675917,11248,3173.32,52.81,1.664,1.64,98.34
2021-03-28,Brazil,South America,213000000,948,13,676865,11261,3177.77,52.87,1.664,2.83,98.34
2021-04-04,Brazil,South America,213000000,1520,19,678385,11280,3184.91,52.96,1.663,4.45,98.34
2021-04-11,Brazil,South America,213000000,1935,41,680320,11321,3193.99,53.15,1.664,5.67,98.34
2021-04-18,Brazil,South America,213000000,1724,16,682044,11337,3202.08,53.23,1.662,7.02,98.34
2021-04-25,Brazil,South America,213000000,2472,25,684516,11362,3213.69,53.34,1.66,8.52,98.34
2021-05-02,Brazil,South America,213000000,2660,53,687176,11415,3226.18,53.59,1.661,10.05,98.34
2021-05-09,Brazil,South America,213000000,2152,29,689328,11444,3236.28,53.73,1.66,11.57,98.34
2021-05-16,Brazil,South America,213000000,2714,37,692042,11481,3249.02,53.9,1.659,12.79,98.34
2021-05-23,Brazil,South America,213000000,3105,45,695147,11526,3263.6,54.11,1.658,14.06,98.34
2021-05-30,Brazil,South America,213000000,4887,96,700034,11622,3286.54,54.56,1.66,15.75,98.34
2021-06-06,Brazil,South America,213000000,4287,46,704321,11668,3306.67,54.78,1.657,17.01,98.34
2021-06-13,Brazil,South America,213000000,6219,124,710540,11792,3335.87,55.36,1.66,18.23,98.34
2021-06-20,Brazil,South America,213000000,7894,70,718434,11862,3372.93,55.69,1.651,19.75,98.35
2021-06-27,Brazil,South America,213000000,7599,173,726033,12035,3408.61,56.5,1.658,21.38,98.34
2021-07-04,Brazil,South America,213000000,8543,117,734576,12152,3448.71,57.05,1.654,23.07,98.35
2021-07-11,Brazil,South America,213000000,5761,133,740337,12285,3475.76,57.68,1.659,24.6,98.34
2021-07-18,Brazil,South America,213000000,9705,152,750042,12437,3521.32,58.39,1.658,26.18,98.34
2021-07-25,Brazil,South America,213000000,8725,178,758767,12615,3562.29,59.23,1.663,27.43,98.34
2021-08-01,Brazil,South America,213000000,6631,80,765398,12695,3593.42,59.6,1.659,28.73,98.34
2021-08-08,Brazil,South America,213000000,11507,134,776905,12829,3647.44,60.23,1.651,30.51,98.35
2021-08-15,Brazil,South America,213000000,8833,98,785738,12927,3688.91,60.69,1.645,32.19,98.36
2021-08-22,Brazil,South America,213000000,11123,183,796861,13110,3741.13,61.55,1.645,33.72,98.36
2021-08-29,Brazil,South America,213000000,11881,141,808742,13251,3796.91,62.21,1.638,35.52,98.36
2021-09-05,Brazil,South America,213000000,13908,265,822650,13516,3862.21,63.46,1.643,36.84,98.36
2021-09-12,Brazil,South America,213000000,12332,113,834982,13629,3920.1,63.99,1.632,38.06,98.37
2021-09-19,Brazil,South America,213000000,9752,154,844734,13783,3965.89,64.71,1.632,39.78,98.37
2021-09-26,Brazil,South America,213000000,13264,273,857998,14056,4028.16,65.99,1.638,41.23,98.36
2021-10-03,Brazil,South America,213000000,10811,154,868809,14210,4078.92,66.71,1.636,43.03,98.36
2021-10-10,Brazil,South America,213000000,8783,199,877592,14409,4120.15,67.65,1.642,44.57,98.36
2021-10-17,Brazil,South America,213000000,11871,241,889463,14650,4175.88,68.78,1.647,46.07,98.35
2021-10-24,Brazil,South America,213000000,15298,356,904761,15006,4247.7,70.45,1.659,47.52,98.34
2021-10-31,Brazil,South America,213000000,10954,197,915715,15203,4299.13,71.38,1.66,49.27,98.34
2021-11-07,Brazil,South America,213000000,10557,196,926272,15399,4348.69,72.3,1.662,50.84,98.34
2021-11-14,Brazil,South America,213000000,14680,150,940952,15549,4417.62,73.0,1.652,52.47,98.35
2021-11-21,Brazil,South America,213000000,16140,178,957092,15727,4493.39,73.84,1.643,53.82,98.36
2021-11-28,Brazil,South America,213000000,16700,184,973792,15911,4571.79,74.7,1.634,55.53,98.37
2021-12-05,Brazil,South America,213000000,12993,158,986785,16069,4632.79,75.44,1.628,57.25,98.37
2021-12-12,Brazil,South America,213000000,12637,211,999422,16280,4692.12,76.43,1.629,58.67,98.37
2021-12-19,Brazil,South America,213000000,13784,148,1013206,16428,4756.84,77.13,1.621,60.1,98.38
2021-12-26,Brazil,South America,213000000,16692,206,1029898,16634,4835.2,78.09,1.615,61.7,98.39
2022-01-02,Brazil,South America,213000000,11610,245,1041508,16879,4889.71,79.24,1.621,62.97,98.38
2022-01-09,Brazil,South America,213000000,16529,259,1058037,17138,4967.31,80.46,1.62,64.32,98.38
2022-01-16,Brazil,South America,213000000,9522,103,1067559,17241,5012.01,80.94,1.615,65.83,98.39
2022-01-23,Brazil,South America,213000000,11439,252,1078998,17493,5065.72,82.13,1.621,67.29,98.38
2022-01-30,Brazil,South America,213000000,10650,196,1089648,17689,5115.72,83.05,1.623,68.91,98.38
2022-02-06,Brazil,South America,213000000,9909,107,1099557,17796,5162.24,83.55,1.618,70.13,98.38
2022-02-13,Brazil,South America,213000000,13937,268,1113494,18064,5227.67,84.81,1.622,71.62,98.38
2022-02-20,Brazil,South America,213000000,14489,314,1127983,18378,5295.69,86.28,1.629,73.17,98.37
2022-02-27,Brazil,South America,213000000,14400,165,1142383,18543,5363.3,87.06,1.623,74.44,98.38
2022-03-06,Brazil,South America,213000000,9965,89,1152348,18632,5410.08,87.47,1.617,75.95,98.38
2022-03-13,Brazil,South America,213000000,14277,123,1166625,18755,5477.11,88.05,1.608,77.23,98.39
2022-03-20,Brazil,South America,213000000,10731,256,1177356,19011,5527.49,89.25,1.615,78.62,98.39
2022-03-27,Brazil,South America,213000000,10814,94,1188170,19105,5578.26,89.69,1.608,79.91,98.39
2022-04-03,Brazil,South America,213000000,13530,330,1201700,19435,5641.78,91.24,1.617,81.11,98.38
2022-04-10,Brazil,South America,213000000,12918,243,1214618,19678,5702.43,92.38,1.62,82.83,98.38
2022-04-17,Brazil,South America,213000000,9574,160,1224192,19838,5747.38,93.14,1.62,84.32,98.38
2022-04-24,Brazil,South America,213000000,10459,108,1234651,19946,5796.48,93.64,1.616,85.54,98.38
2022-05-01,Brazil,South America,213000000,8106,161,1242757,20107,5834.54,94.4,1.618,86.86,98.38
2022-05-08,Brazil,South America,213000000,9722,238,1252479,20345,5880.18,95.52,1.624,88.12,98.38
2022-05-15,Brazil,South America,213000000,9315,144,1261794,20489,5923.92,96.19,1.624,89.84,98.38
2022-05-22,Brazil,South America,213000000,6504,128,1268298,20617,5954.45,96.79,1.626,91.54,98.37
2022-05-29,Brazil,South America,213000000,9736,190,1278034,20807,6000.16,97.69,1.628,92.0,98.37
2022-06-05,Brazil,South America,213000000,8081,184,1286115,20991,6038.1,98.55,1.632,92.0,98.37
2022-06-12,Brazil,South America,213000000,5673,135,1291788,21126,6064.73,99.18,1.635,92.0,98.36
2022-06-19,Brazil,South America,213000000,9114,106,1300902,21232,6107.52,99.68,1.632,92.0,98.37
2022-06-26,Brazil,South America,213000000,8030,153,1308932,21385,6145.22,100.4,1.634,92.0,98.37
2022-07-03,Brazil,South America,213000000,9746,243,1318678,21628,6190.98,101.54,1.64,92.0,98.36
2022-07-10,Brazil,South America,213000000,11858,176,1330536,21804,6246.65,102.37,1.639,92.0,98.36
2022-07-17,Brazil,South America,213000000,11138,196,1341674,22000,6298.94,103.29,1.64,92.0,98.36
2022-07-24,Brazil,South America,213000000,12047,179,1353721,22179,6355.5,104.13,1.638,92.0,98.36
2022-07-31,Brazil,South America,213000000,11114,241,1364835,22420,6407.68,105.26,1.643,92.0,98.36
2022-08-07,Brazil,South America,213000000,12218,188,1377053,22608,6465.04,106.14,1.642,92.0,98.36
2022-08-14,Brazil,South America,213000000,8200,141,1385253,22749,6503.54,106.8,1.642,92.0,98.36
2022-08-21,Brazil,South America,213000000,9715,138,1394968,22887,6549.15,107.45,1.641,92.0,98.36
2022-08-28,Brazil,South America,213000000,12381,180,1407349,23067,6607.27,108.3,1.639,92.0,98.36
2022-09-04,Brazil,South America,213000000,9511,136,1416860,23203,6651.92,108.93,1.638,92.0,98.36
2022-09-11,Brazil,South America,213000000,8539,155,1425399,23358,6692.01,109.66,1.639,92.0,98.36
2022-09-18,Brazil,South America,213000000,12486,198,1437885,23556,6750.63,110.59,1.638,92.0,98.36
2022-09-25,Brazil,South America,213000000,14378,241,1452263,23797,6818.14,111.72,1.639,92.0,98.36
2022-10-02,Brazil,South America,213000000,8541,117,1460804,23914,6858.23,112.27,1.637,92.0,98.36
2022-10-09,Brazil,South America,213000000,11324,202,1472128,24116,6911.4,113.22,1.638,92.0,98.36
2022-10-16,Brazil,South America,213000000,12938,271,1485066,24387,6972.14,114.49,1.642,92.0,98.36
2022-10-23,Brazil,South America,213000000,13828,335,1498894,24722,7037.06,116.07,1.649,92.0,98.35
2022-10-30,Brazil,South America,213000000,10041,81,1508935,24803,7084.2,116.45,1.644,92.0,98.36
2022-11-06,Brazil,South America,213000000,15259,185,1524194,24988,7155.84,117.31,1.639,92.0,98.36
2022-11-13,Brazil,South America,213000000,9077,216,1533271,25204,7198.46,118.33,1.644,92.0,98.36
2022-11-20,Brazil,South America,213000000,9375,152,1542646,25356,7242.47,119.04,1.644,92.0,98.36
2022-11-27,Brazil,South America,213000000,10704,141,1553350,25497,7292.72,119.7,1.641,92.0,98.36
2022-12-04,Brazil,South America,213000000,12526,166,1565876,25663,7351.53,120.48,1.639,92.0,98.36
2022-12-11,Brazil,South America,213000000,13741,173,1579617,25836,7416.04,121.3,1.636,92.0,98.36
2022-12-18,Brazil,South America,213000000,9329,103,1588946,25939,7459.84,121.78,1.632,92.0,98.37
2022-12-25,Brazil,South America,213000000,9664,163,1598610,26102,7505.21,122.54,1.633,92.0,98.37
2023-01-01,Brazil,South America,213000000,9021,159,1607631,26261,7547.56,123.29,1.634,92.0,98.37
2023-01-08,Brazil,South America,213000000,14877,241,1622508,26502,7617.41,124.42,1.633,92.0,98.37
2023-01-15,Brazil,South America,213000000,11803,103,1634311,26605,7672.82,124.91,1.628,92.0,98.37
2023-01-22,Brazil,South America,213000000,14297,260,1648608,26865,7739.94,126.13,1.63,92.0,98.37
2023-01-29,Brazil,South America,213000000,13561,161,1662169,27026,7803.61,126.88,1.626,92.0,98.37
2023-02-05,Brazil,South America,213000000,11487,172,1673656,27198,7857.54,127.69,1.625,92.0,98.38
2023-02-12,Brazil,South America,213000000,13019,182,1686675,27380,7918.66,128.54,1.623,92.0,98.38
2023-02-19,Brazil,South America,213000000,11924,151,1698599,27531,7974.64,129.25,1.621,92.0,98.38
2023-02-26,Brazil,South America,213000000,9441,182,1708040,27713,8018.97,130.11,1.623,92.0,98.38
2023-03-05,Brazil,South America,213000000,10272,161,1718312,27874,8067.19,130.86,1.622,92.0,98.38
2023-03-12,Brazil,South America,213000000,7375,151,1725687,28025,8101.82,131.57,1.624,92.0,98.38
2023-03-19,Brazil,South America,213000000,7336,70,1733023,28095,8136.26,131.9,1.621,92.0,98.38
2023-03-26,Brazil,South America,213000000,9169,167,1742192,28262,8179.31,132.69,1.622,92.0,98.38
2023-04-02,Brazil,South America,213000000,6749,98,1748941,28360,8210.99,133.15,1.622,92.0,98.38
2023-04-09,Brazil,South America,213000000,7605,188,1756546,28548,8246.69,134.03,1.625,92.0,98.38
2023-04-16,Brazil,South America,213000000,8020,119,1764566,28667,8284.35,134.59,1.625,92.0,98.38
2023-04-23,Brazil,South America,213000000,7602,150,1772168,28817,8320.04,135.29,1.626,92.0,98.37
2023-04-30,Brazil,South America,213000000,4860,47,1777028,28864,8342.85,135.51,1.624,92.0,98.38
2023-05-07,Brazil,South America,213000000,6042,76,1783070,28940,8371.22,135.87,1.623,92.0,98.38
2023-05-14,Brazil,South America,213000000,3963,91,1787033,29031,8389.83,136.3,1.625,92.0,98.38
2023-05-21,Brazil,South America,213000000,4260,50,1791293,29081,8409.83,136.53,1.623,92.0,98.38
2023-05-28,Brazil,South America,213000000,3148,52,1794441,29133,8424.61,136.77,1.624,92.0,98.38
2023-06-04,Brazil,South America,213000000,4428,53,1798869,29186,8445.39,137.02,1.622,92.0,98.38
2023-06-11,Brazil,South America,213000000,4467,85,1803336,29271,8466.37,137.42,1.623,92.0,98.38
2023-06-18,Brazil,South America,213000000,3144,42,1806480,29313,8481.13,137.62,1.623,92.0,98.38
2023-06-25,Brazil,South America,213000000,4387,84,1810867,29397,8501.72,138.01,1.623,92.0,98.38
2023-07-02,Brazil,South America,213000000,3695,58,1814562,29455,8519.07,138.29,1.623,92.0,98.38
2023-07-09,Brazil,South America,213000000,3217,78,1817779,29533,8534.17,138.65,1.625,92.0,98.38
2023-07-16,Brazil,South America,213000000,3286,37,1821065,29570,8549.6,138.83,1.624,92.0,98.38
2023-07-23,Brazil,South America,213000000,2118,33,1823183,29603,8559.54,138.98,1.624,92.0,98.38
2023-07-30,Brazil,South America,213000000,2393,46,1825576,29649,8570.78,139.2,1.624,92.0,98.38
2023-08-06,Brazil,South America,213000000,3103,37,1828679,29686,8585.35,139.37,1.623,92.0,98.38
2023-08-13,Brazil,South America,213000000,1822,45,1830501,29731,8593.9,139.58,1.624,92.0,98.38
2023-08-20,Brazil,South America,213000000,2569,57,1833070,29788,8605.96,139.85,1.625,92.0,98.38
2023-08-27,Brazil,South America,213000000,3311,31,1836381,29819,8621.51,140.0,1.624,92.0,98.38
2023-09-03,Brazil,South America,213000000,2836,62,1839217,29881,8634.82,140.29,1.625,92.0,98.38
2023-09-10,Brazil,South America,213000000,4746,40,1843963,29921,8657.1,140.47,1.623,92.0,98.38
2023-09-17,Brazil,South America,213000000,4098,57,1848061,29978,8676.34,140.74,1.622,92.0,98.38
2023-09-24,Brazil,South America,213000000,6728,117,1854789,30095,8707.93,141.29,1.623,92.0,98.38
2023-10-01,Brazil,South America,213000000,5512,86,1860301,30181,8733.81,141.69,1.622,92.0,98.38
2023-10-08,Brazil,South America,213000000,6473,152,1866774,30333,8764.2,142.41,1.625,92.0,98.38
2023-10-15,Brazil,South America,213000000,8988,201,1875762,30534,8806.39,143.35,1.628,92.0,98.37
2023-10-22,Brazil,South America,213000000,9381,93,1885143,30627,8850.44,143.79,1.625,92.0,98.38
2023-10-29,Brazil,South America,213000000,7389,169,1892532,30796,8885.13,144.58,1.627,92.0,98.37
2023-11-05,Brazil,South America,213000000,10001,214,1902533,31010,8932.08,145.59,1.63,92.0,98.37
2023-11-12,Brazil,South America,213000000,6682,99,1909215,31109,8963.45,146.05,1.629,92.0,98.37
2023-11-19,Brazil,South America,213000000,10489,145,1919704,31254,9012.69,146.73,1.628,92.0,98.37
2023-11-26,Brazil,South America,213000000,10670,234,1930374,31488,9062.79,147.83,1.631,92.0,98.37
2023-12-03,Brazil,South America,213000000,12499,296,1942873,31784,9121.47,149.22,1.636,92.0,98.36
2023-12-10,Brazil,South America,213000000,11364,238,1954237,32022,9174.82,150.34,1.639,92.0,98.36
2023-12-17,Brazil,South America,213000000,11095,163,1965332,32185,9226.91,151.1,1.638,92.0,98.36
2023-12-24,Brazil,South America,213000000,10545,96,1975877,32281,9276.42,151.55,1.634,92.0,98.37
2023-12-31,Brazil,South America,213000000,9227,224,1985104,32505,9319.74,152.61,1.637,92.0,98.36
2020-01-05,United Kingdom,Europe,67000000,4672,84,4672,84,69.73,1.25,1.798,0.0,98.2
2020-01-12,United Kingdom,Europe,67000000,8115,185,12787,269,190.85,4.01,2.104,0.0,97.9
2020-01-19,United Kingdom,Europe,67000000,5905,132,18692,401,278.99,5.99,2.145,0.0,97.86
2020-01-26,United Kingdom,Europe,67000000,5034,41,23726,442,354.12,6.6,1.863,0.0,98.14
2020-02-02,United Kingdom,Europe,67000000,8024,113,31750,555,473.88,8.28,1.748,0.0,98.25
2020-02-09,United Kingdom,Europe,67000000,7380,129,39130,684,584.03,10.21,1.748,0.0,98.25
2020-02-16,United Kingdom,Europe,67000000,6741,78,45871,762,684.64,11.37,1.661,0.0,98.34
2020-02-23,United Kingdom,Europe,67000000,8532,177,54403,939,811.99,14.01,1.726,0.0,98.27
2020-03-01,United Kingdom,Europe,67000000,9584,125,63987,1064,955.03,15.88,1.663,0.0,98.34
2020-03-08,United Kingdom,Europe,67000000,8874,96,72861,1160,1087.48,17.31,1.592,0.0,98.41
2020-03-15,United Kingdom,Europe,67000000,7126,151,79987,1311,1193.84,19.57,1.639,0.0,98.36
2020-03-22,United Kingdom,Europe,67000000,8473,93,88460,1404,1320.3,20.96,1.587,0.0,98.41
2020-03-29,United Kingdom,Europe,67000000,11307,209,99767,1613,1489.06,24.07,1.617,0.0,98.38
2020-04-05,United Kingdom,Europe,67000000,11238,133,111005,1746,1656.79,26.06,1.573,0.0,98.43
2020-04-12,United Kingdom,Europe,67000000,8947,105,119952,1851,1790.33,27.63,1.543,0.0,98.46
2020-04-19,United Kingdom,Europe,67000000,8759,167,128711,2018,1921.06,30.12,1.568,0.0,98.43
2020-04-26,United Kingdom,Europe,67000000,13430,272,142141,2290,2121.51,34.18,1.611,0.0,98.39
2020-05-03,United Kingdom,Europe,67000000,13294,197,155435,2487,2319.93,37.12,1.6,0.0,98.4
2020-05-10,United Kingdom,Europe,67000000,12558,176,167993,2663,2507.36,39.75,1.585,0.0,98.42
2020-05-17,United Kingdom,Europe,67000000,11839,191,179832,2854,2684.06,42.6,1.587,0.0,98.41
2020-05-24,United Kingdom,Europe,67000000,9519,138,189351,2992,2826.13,44.66,1.58,0.0,98.42
2020-05-31,United Kingdom,Europe,67000000,15260,186,204611,3178,3053.9,47.43,1.553,0.0,98.45
2020-06-07,United Kingdom,Europe,67000000,9400,142,214011,3320,3194.19,49.55,1.551,0.0,98.45
2020-06-14,United Kingdom,Europe,67000000,14251,255,228262,3575,3406.9,53.36,1.566,0.0,98.43
2020-06-21,United Kingdom,Europe,67000000,13533,151,241795,3726,3608.88,55.61,1.541,0.0,98.46
2020-06-28,United Kingdom,Europe,67000000,13132,177,254927,3903,3804.88,58.25,1.531,0.0,98.47
2020-07-05,United Kingdom,Europe,67000000,14751,275,269678,4178,4025.04,62.36,1.549,0.0,98.45
2020-07-12,United Kingdom,Europe,67000000,10074,91,279752,4269,4175.4,63.72,1.526,0.0,98.47
2020-07-19,United Kingdom,Europe,67000000,8913,127,288665,4396,4308.43,65.61,1.523,0.0,98.48
2020-07-26,United Kingdom,Europe,67000000,10530,199,299195,4595,4465.6,68.58,1.536,0.0,98.46
2020-08-02,United Kingdom,Europe,67000000,12194,152,311389,4747,4647.6,70.85,1.524,0.0,98.48
2020-08-09,United Kingdom,Europe,67000000,9573,97,320962,4844,4790.48,72.3,1.509,0.0,98.49
2020-08-16,United Kingdom,Europe,67000000,14662,177,335624,5021,5009.31,74.94,1.496,0.0,98.5
2020-08-23,United Kingdom,Europe,67000000,12998,283,348622,5304,5203.31,79.16,1.521,0.0,98.48
2020-08-30,United Kingdom,Europe,67000000,12584,284,361206,5588,5391.13,83.4,1.547,0.0,98.45
2020-09-06,United Kingdom,Europe,67000000,10871,263,372077,5851,5553.39,87.33,1.573,0.0,98.43
2020-09-13,United Kingdom,Europe,67000000,8925,86,381002,5937,5686.6,88.61,1.558,0.0,98.44
2020-09-20,United Kingdom,Europe,67000000,12318,295,393320,6232,5870.45,93.01,1.584,0.0,98.42
2020-09-27,United Kingdom,Europe,67000000,13075,121,406395,6353,6065.6,94.82,1.563,0.0,98.44
2020-10-04,United Kingdom,Europe,67000000,9366,223,415761,6576,6205.39,98.15,1.582,0.0,98.42
2020-10-11,United Kingdom,Europe,67000000,8978,191,424739,6767,6339.39,101.0,1.593,0.0,98.41
2020-10-18,United Kingdom,Europe,67000000,12270,201,437009,6968,6522.52,104.0,1.594,0.0,98.41
2020-10-25,United Kingdom,Europe,67000000,9295,145,446304,7113,6661.25,106.16,1.594,0.0,98.41
2020-11-01,United Kingdom,Europe,67000000,8083,186,454387,7299,6781.9,108.94,1.606,0.0,98.39
2020-11-08,United Kingdom,Europe,67000000,9064,208,463451,7507,6917.18,112.04,1.62,0.0,98.38
2020-11-15,United Kingdom,Europe,67000000,6869,170,470320,7677,7019.7,114.58,1.632,0.0,98.37
2020-11-22,United Kingdom,Europe,67000000,8346,73,478666,7750,7144.27,115.67,1.619,0.0,98.38
2020-11-29,United Kingdom,Europe,67000000,5975,123,484641,7873,7233.45,117.51,1.625,0.0,98.38
2020-12-06,United Kingdom,Europe,67000000,8630,186,493271,8059,7362.25,120.28,1.634,0.0,98.37
2020-12-13,United Kingdom,Europe,67000000,5706,49,498977,8108,7447.42,121.01,1.625,0.0,98.38
2020-12-20,United Kingdom,Europe,67000000,7098,103,506075,8211,7553.36,122.55,1.622,0.0,98.38
2020-12-27,United Kingdom,Europe,67000000,6483,161,512558,8372,7650.12,124.96,1.633,0.0,98.37
2021-01-03,United Kingdom,Europe,67000000,7946,190,520504,8562,7768.72,127.79,1.645,0.0,98.36
2021-01-10,United Kingdom,Europe,67000000,6726,94,527230,8656,7869.1,129.19,1.642,0.0,98.36
2021-01-17,United Kingdom,Europe,67000000,5009,86,532239,8742,7943.87,130.48,1.642,0.0,98.36
2021-01-24,United Kingdom,Europe,67000000,5775,52,538014,8794,8030.06,131.25,1.635,0.0,98.36
2021-01-31,United Kingdom,Europe,67000000,4146,38,542160,8832,8091.94,131.82,1.629,0.0,98.37
2021-02-07,United Kingdom,Europe,67000000,3894,90,546054,8922,8150.06,133.16,1.634,0.0,98.37
2021-02-14,United Kingdom,Europe,67000000,3941,46,549995,8968,8208.88,133.85,1.631,0.0,98.37
2021-02-21,United Kingdom,Europe,67000000,3696,71,553691,9039,8264.04,134.91,1.632,0.0,98.37
2021-02-28,United Kingdom,Europe,67000000,1678,20,555369,9059,8289.09,135.21,1.631,0.0,98.37
2021-03-07,United Kingdom,Europe,67000000,1604,14,556973,9073,8313.03,135.42,1.629,0.36,98.37
2021-03-14,United Kingdom,Europe,67000000,1349,31,558322,9104,8333.16,135.88,1.631,0.91,98.37
2021-03-21,United Kingdom,Europe,67000000,751,12,559073,9116,8344.37,136.06,1.631,1.67,98.37
2021-03-28,United Kingdom,Europe,67000000,1100,26,560173,9142,8360.79,136.45,1.632,2.88,98.37
2021-04-04,United Kingdom,Europe,67000000,1335,14,561508,9156,8380.72,136.66,1.631,4.11,98.37
2021-04-11,United Kingdom,Europe,67000000,1061,19,562569,9175,8396.55,136.94,1.631,5.37,98.37
2021-04-18,United Kingdom,Europe,67000000,1405,24,563974,9199,8417.52,137.3,1.631,6.8,98.37
2021-04-25,United Kingdom,Europe,67000000,1329,16,565303,9215,8437.36,137.54,1.63,8.56,98.37
2021-05-02,United Kingdom,Europe,67000000,2389,39,567692,9254,8473.01,138.12,1.63,9.76,98.37
2021-05-09,United Kingdom,Europe,67000000,3436,66,571128,9320,8524.3,139.1,1.632,11.15,98.37
2021-05-16,United Kingdom,Europe,67000000,3852,47,574980,9367,8581.79,139.81,1.629,12.68,98.37
2021-05-23,United Kingdom,Europe,67000000,3911,45,578891,9412,8640.16,140.48,1.626,14.47,98.37
2021-05-30,United Kingdom,Europe,67000000,4695,82,583586,9494,8710.24,141.7,1.627,15.78,98.37
2021-06-06,United Kingdom,Europe,67000000,3331,44,586917,9538,8759.96,142.36,1.625,17.43,98.38
2021-06-13,United Kingdom,Europe,67000000,4309,73,591226,9611,8824.27,143.45,1.626,19.07,98.37
2021-06-20,United Kingdom,Europe,67000000,4163,81,595389,9692,8886.4,144.66,1.628,20.32,98.37
2021-06-27,United Kingdom,Europe,67000000,7514,122,602903,9814,8998.55,146.48,1.628,21.61,98.37
2021-07-04,United Kingdom,Europe,67000000,5699,85,608602,9899,9083.61,147.75,1.627,23.27,98.37
2021-07-11,United Kingdom,Europe,67000000,7679,141,616281,10040,9198.22,149.85,1.629,24.53,98.37
2021-07-18,United Kingdom,Europe,67000000,5610,53,621891,10093,9281.96,150.64,1.623,26.08,98.38
2021-07-25,United Kingdom,Europe,67000000,9164,140,631055,10233,9418.73,152.73,1.622,27.37,98.38
2021-08-01,United Kingdom,Europe,67000000,8110,176,639165,10409,9539.78,155.36,1.629,29.02,98.37
2021-08-08,United Kingdom,Europe,67000000,10060,128,649225,10537,9689.93,157.27,1.623,30.33,98.38
2021-08-15,United Kingdom,Europe,67000000,10461,200,659686,10737,9846.06,160.25,1.628,31.72,98.37
2021-08-22,United Kingdom,Europe,67000000,10121,221,669807,10958,9997.12,163.55,1.636,33.29,98.36
2021-08-29,United Kingdom,Europe,67000000,10166,146,679973,11104,10148.85,165.73,1.633,34.81,98.37
2021-09-05,United Kingdom,Europe,67000000,9555,214,689528,11318,10291.46,168.93,1.641,36.52,98.36
2021-09-12,United Kingdom,Europe,67000000,11615,95,701143,11413,10464.82,170.34,1.628,38.17,98.37
2021-09-19,United Kingdom,Europe,67000000,11470,224,712613,11637,10636.01,173.69,1.633,39.82,98.37
2021-09-26,United Kingdom,Europe,67000000,12240,195,724853,11832,10818.7,176.6,1.632,41.32,98.37
2021-10-03,United Kingdom,Europe,67000000,8031,116,732884,11948,10938.57,178.33,1.63,42.91,98.37
2021-10-10,United Kingdom,Europe,67000000,12330,144,745214,12092,11122.6,180.48,1.623,44.19,98.38
2021-10-17,United Kingdom,Europe,67000000,11773,94,756987,12186,11298.31,181.88,1.61,45.5,98.39
2021-10-24,United Kingdom,Europe,67000000,7801,84,764788,12270,11414.75,183.13,1.604,46.81,98.4
2021-10-31,United Kingdom,Europe,67000000,10263,152,775051,12422,11567.93,185.4,1.603,48.53,98.4
2021-11-07,United Kingdom,Europe,67000000,11182,226,786233,12648,11734.82,188.78,1.609,49.79,98.39
2021-11-14,United Kingdom,Europe,67000000,9359,186,795592,12834,11874.51,191.55,1.613,51.02,98.39
2021-11-21,United Kingdom,Europe,67000000,11185,203,806777,13037,12041.45,194.58,1.616,52.59,98.38
2021-11-28,United Kingdom,Europe,67000000,8084,108,814861,13145,12162.1,196.19,1.613,54.17,98.39
2021-12-05,United Kingdom,Europe,67000000,8965,177,823826,13322,12295.91,198.84,1.617,55.81,98.38
2021-12-12,United Kingdom,Europe,67000000,14656,169,838482,13491,12514.66,201.36,1.609,57.51,98.39
2021-12-19,United Kingdom,Europe,67000000,11498,164,849980,13655,12686.27,203.81,1.607,58.78,98.39
2021-12-26,United Kingdom,Europe,67000000,12933,155,862913,13810,12879.3,206.12,1.6,60.21,98.4
2022-01-02,United Kingdom,Europe,67000000,8323,179,871236,13989,13003.52,208.79,1.606,61.87,98.39
2022-01-09,United Kingdom,Europe,67000000,12792,167,884028,14156,13194.45,211.28,1.601,63.17,98.4
2022-01-16,United Kingdom,Europe,67000000,12054,198,896082,14354,13374.36,214.24,1.602,64.48,98.4
2022-01-23,United Kingdom,Europe,67000000,12263,304,908345,14658,13557.39,218.78,1.614,66.13,98.39
2022-01-30,United Kingdom,Europe,67000000,12483,301,920828,14959,13743.7,223.27,1.625,67.45,98.38
2022-02-06,United Kingdom,Europe,67000000,11198,276,932026,15235,13910.84,227.39,1.635,68.75,98.36
2022-02-13,United Kingdom,Europe,67000000,11896,213,943922,15448,14088.39,230.57,1.637,70.3,98.36
2022-02-20,United Kingdom,Europe,67000000,11688,278,955610,15726,14262.84,234.72,1.646,71.97,98.35
2022-02-27,United Kingdom,Europe,67000000,7529,169,963139,15895,14375.21,237.24,1.65,73.3,98.35
2022-03-06,United Kingdom,Europe,67000000,9317,147,972456,16042,14514.27,239.43,1.65,74.79,98.35
2022-03-13,United Kingdom,Europe,67000000,9460,226,981916,16268,14655.46,242.81,1.657,76.42,98.34
2022-03-20,United Kingdom,Europe,67000000,10369,91,992285,16359,14810.22,244.16,1.649,78.16,98.35
2022-03-27,United Kingdom,Europe,67000000,11670,248,1003955,16607,14984.4,247.87,1.654,79.36,98.35
2022-04-03,United Kingdom,Europe,67000000,6691,79,1010646,16686,15084.27,249.04,1.651,80.64,98.35
2022-04-10,United Kingdom,Europe,67000000,8306,196,1018952,16882,15208.24,251.97,1.657,82.12,98.34
2022-04-17,United Kingdom,Europe,67000000,6062,77,1025014,16959,15298.72,253.12,1.655,83.35,98.34
2022-04-24,United Kingdom,Europe,67000000,5970,75,1030984,17034,15387.82,254.24,1.652,84.72,98.35
2022-05-01,United Kingdom,Europe,67000000,9345,229,1040329,17263,15527.3,257.66,1.659,86.14,98.34
2022-05-08,United Kingdom,Europe,67000000,7335,164,1047664,17427,15636.78,260.1,1.663,87.5,98.34
2022-05-15,United Kingdom,Europe,67000000,5830,131,1053494,17558,15723.79,262.06,1.667,88.73,98.33
2022-05-22,United Kingdom,Europe,67000000,7523,132,1061017,17690,15836.07,264.03,1.667,90.14,98.33
2022-05-29,United Kingdom,Europe,67000000,5945,125,1066962,17815,15924.81,265.9,1.67,91.39,98.33
2022-06-05,United Kingdom,Europe,67000000,5530,113,1072492,17928,16007.34,267.58,1.672,92.0,98.33
2022-06-12,United Kingdom,Europe,67000000,5338,122,1077830,18050,16087.01,269.4,1.675,92.0,98.33
2022-06-19,United Kingdom,Europe,67000000,8582,183,1086412,18233,16215.1,272.13,1.678,92.0,98.32
2022-06-26,United Kingdom,Europe,67000000,7438,183,1093850,18416,16326.12,274.87,1.684,92.0,98.32
2022-07-03,United Kingdom,Europe,67000000,8793,98,1102643,18514,16457.36,276.33,1.679,92.0,98.32
2022-07-10,United Kingdom,Europe,67000000,7100,171,1109743,18685,16563.33,278.88,1.684,92.0,98.32
2022-07-17,United Kingdom,Europe,67000000,6710,56,1116453,18741,16663.48,279.72,1.679,92.0,98.32
2022-07-24,United Kingdom,Europe,67000000,8122,77,1124575,18818,16784.7,280.87,1.673,92.0,98.33
2022-07-31,United Kingdom,Europe,67000000,9024,222,1133599,19040,16919.39,284.18,1.68,92.0,98.32
2022-08-07,United Kingdom,Europe,67000000,8500,146,1142099,19186,17046.25,286.36,1.68,92.0,98.32
2022-08-14,United Kingdom,Europe,67000000,9511,175,1151610,19361,17188.21,288.97,1.681,92.0,98.32
2022-08-21,United Kingdom,Europe,67000000,11414,174,1163024,19535,17358.57,291.57,1.68,92.0,98.32
2022-08-28,United Kingdom,Europe,67000000,10592,123,1173616,19658,17516.66,293.4,1.675,92.0,98.33
2022-09-04,United Kingdom,Europe,67000000,11955,189,1185571,19847,17695.09,296.22,1.674,92.0,98.33
2022-09-11,United Kingdom,Europe,67000000,8732,186,1194303,20033,17825.42,299.0,1.677,92.0,98.32
2022-09-18,United Kingdom,Europe,67000000,9261,228,1203564,20261,17963.64,302.4,1.683,92.0,98.32
2022-09-25,United Kingdom,Europe,67000000,10254,141,1213818,20402,18116.69,304.51,1.681,92.0,98.32
2022-10-02,United Kingdom,Europe,67000000,10668,222,1224486,20624,18275.91,307.82,1.684,92.0,98.32
2022-10-09,United Kingdom,Europe,67000000,7455,75,1231941,20699,18387.18,308.94,1.68,92.0,98.32
2022-10-16,United Kingdom,Europe,67000000,8426,104,1240367,20803,18512.94,310.49,1.677,92.0,98.32
2022-10-23,United Kingdom,Europe,67000000,11023,228,1251390,21031,18677.46,313.9,1.681,92.0,98.32
2022-10-30,United Kingdom,Europe,67000000,11024,105,1262414,21136,18842.0,315.46,1.674,92.0,98.33
2022-11-06,United Kingdom,Europe,67000000,9318,136,1271732,21272,18981.07,317.49,1.673,92.0,98.33
2022-11-13,United Kingdom,Europe,67000000,9904,155,1281636,21427,19128.9,319.81,1.672,92.0,98.33
2022-11-20,United Kingdom,Europe,67000000,8105,125,1289741,21552,19249.87,321.67,1.671,92.0,98.33
2022-11-27,United Kingdom,Europe,67000000,8684,83,1298425,21635,19379.48,322.91,1.666,92.0,98.33
2022-12-04,United Kingdom,Europe,67000000,12293,156,1310718,21791,19562.96,325.24,1.663,92.0,98.34
2022-12-11,United Kingdom,Europe,67000000,11489,130,1322207,21921,19734.43,327.18,1.658,92.0,98.34
2022-12-18,United Kingdom,Europe,67000000,10626,165,1332833,22086,19893.03,329.64,1.657,92.0,98.34
2022-12-25,United Kingdom,Europe,67000000,8312,153,1341145,22239,20017.09,331.93,1.658,92.0,98.34
2023-01-01,United Kingdom,Europe,67000000,12721,138,1353866,22377,20206.96,333.99,1.653,92.0,98.35
2023-01-08,United Kingdom,Europe,67000000,10727,91,1364593,22468,20367.06,335.34,1.646,92.0,98.35
2023-01-15,United Kingdom,Europe,67000000,11360,249,1375953,22717,20536.61,339.06,1.651,92.0,98.35
2023-01-22,United Kingdom,Europe,67000000,11542,282,1387495,22999,20708.88,343.27,1.658,92.0,98.34
2023-01-29,United Kingdom,Europe,67000000,7389,152,1394884,23151,20819.16,345.54,1.66,92.0,98.34
2023-02-05,United Kingdom,Europe,67000000,12117,196,1407001,23347,21000.01,348.46,1.659,92.0,98.34
2023-02-12,United Kingdom,Europe,67000000,10369,139,1417370,23486,21154.78,350.54,1.657,92.0,98.34
2023-02-19,United Kingdom,Europe,67000000,11437,219,1428807,23705,21325.48,353.81,1.659,92.0,98.34
2023-02-26,United Kingdom,Europe,67000000,9574,91,1438381,23796,21468.37,355.16,1.654,92.0,98.35
2023-03-05,United Kingdom,Europe,67000000,9931,114,1448312,23910,21616.6,356.87,1.651,92.0,98.35
2023-03-12,United Kingdom,Europe,67000000,10289,141,1458601,24051,21770.16,358.97,1.649,92.0,98.35
2023-03-19,United Kingdom,Europe,67000000,9620,95,1468221,24146,21913.75,360.39,1.645,92.0,98.36
2023-03-26,United Kingdom,Europe,67000000,9505,221,1477726,24367,22055.61,363.69,1.649,92.0,98.35
2023-04-02,United Kingdom,Europe,67000000,6217,76,1483943,24443,22148.4,364.82,1.647,92.0,98.35
2023-04-09,United Kingdom,Europe,67000000,8141,137,1492084,24580,22269.91,366.87,1.647,92.0,98.35
2023-04-16,United Kingdom,Europe,67000000,4796,45,1496880,24625,22341.49,367.54,1.645,92.0,98.36
2023-04-23,United Kingdom,Europe,67000000,5570,130,1502450,24755,22424.63,369.48,1.648,92.0,98.35
2023-04-30,United Kingdom,Europe,67000000,4434,81,1506884,24836,22490.81,370.69,1.648,92.0,98.35
2023-05-07,United Kingdom,Europe,67000000,5254,107,1512138,24943,22569.22,372.28,1.65,92.0,98.35
2023-05-14,United Kingdom,Europe,67000000,5535,68,1517673,25011,22651.84,373.3,1.648,92.0,98.35
2023-05-21,United Kingdom,Europe,67000000,4741,46,1522414,25057,22722.6,373.99,1.646,92.0,98.35
2023-05-28,United Kingdom,Europe,67000000,2593,50,1525007,25107,22761.3,374.73,1.646,92.0,98.35
2023-06-04,United Kingdom,Europe,67000000,3568,88,1528575,25195,22814.55,376.04,1.648,92.0,98.35
2023-06-11,United Kingdom,Europe,67000000,2362,32,1530937,25227,22849.81,376.52,1.648,92.0,98.35
2023-06-18,United Kingdom,Europe,67000000,2536,35,1533473,25262,22887.66,377.04,1.647,92.0,98.35
2023-06-25,United Kingdom,Europe,67000000,3409,50,1536882,25312,22938.54,377.79,1.647,92.0,98.35
2023-07-02,United Kingdom,Europe,67000000,3508,41,1540390,25353,22990.9,378.4,1.646,92.0,98.35
2023-07-09,United Kingdom,Europe,67000000,1984,46,1542374,25399,23020.51,379.09,1.647,92.0,98.35
2023-07-16,United Kingdom,Europe,67000000,3143,25,1545517,25424,23067.42,379.46,1.645,92.0,98.36
2023-07-23,United Kingdom,Europe,67000000,2270,32,1547787,25456,23101.3,379.94,1.645,92.0,98.36
2023-07-30,United Kingdom,Europe,67000000,2129,21,1549916,25477,23133.07,380.25,1.644,92.0,98.36
2023-08-06,United Kingdom,Europe,67000000,2538,40,1552454,25517,23170.96,380.85,1.644,92.0,98.36
2023-08-13,United Kingdom,Europe,67000000,1909,16,1554363,25533,23199.45,381.09,1.643,92.0,98.36
2023-08-20,United Kingdom,Europe,67000000,1695,33,1556058,25566,23224.75,381.58,1.643,92.0,98.36
2023-08-27,United Kingdom,Europe,67000000,3207,63,1559265,25629,23272.61,382.52,1.644,92.0,98.36
2023-09-03,United Kingdom,Europe,67000000,4096,76,1563361,25705,23333.75,383.66,1.644,92.0,98.36
2023-09-10,United Kingdom,Europe,67000000,3952,67,1567313,25772,23392.73,384.66,1.644,92.0,98.36
2023-09-17,United Kingdom,Europe,67000000,4032,47,1571345,25819,23452.91,385.36,1.643,92.0,98.36
2023-09-24,United Kingdom,Europe,67000000,3437,42,1574782,25861,23504.21,385.99,1.642,92.0,98.36
2023-10-01,United Kingdom,Europe,67000000,5318,68,1580100,25929,23583.58,387.0,1.641,92.0,98.36
2023-10-08,United Kingdom,Europe,67000000,4154,49,1584254,25978,23645.58,387.73,1.64,92.0,98.36
2023-10-15,United Kingdom,Europe,67000000,6395,58,1590649,26036,23741.03,388.6,1.637,92.0,98.36
2023-10-22,United Kingdom,Europe,67000000,7955,108,1598604,26144,23859.76,390.21,1.635,92.0,98.36
2023-10-29,United Kingdom,Europe,67000000,8957,167,1607561,26311,23993.45,392.7,1.637,92.0,98.36
2023-11-05,United Kingdom,Europe,67000000,8844,113,1616405,26424,24125.45,394.39,1.635,92.0,98.36
2023-11-12,United Kingdom,Europe,67000000,6685,143,1623090,26567,24225.22,396.52,1.637,92.0,98.36
2023-11-19,United Kingdom,Europe,67000000,8949,109,1632039,26676,24358.79,398.15,1.635,92.0,98.36
2023-11-26,United Kingdom,Europe,67000000,8500,174,1640539,26850,24485.66,400.75,1.637,92.0,98.36
2023-12-03,United Kingdom,Europe,67000000,6429,146,1646968,26996,24581.61,402.93,1.639,92.0,98.36
2023-12-10,United Kingdom,Europe,67000000,11837,99,1658805,27095,24758.28,404.4,1.633,92.0,98.37
2023-12-17,United Kingdom,Europe,67000000,7223,169,1666028,27264,24866.09,406.93,1.636,92.0,98.36
2023-12-24,United Kingdom,Europe,67000000,7800,107,1673828,27371,24982.51,408.52,1.635,92.0,98.36
2023-12-31,United Kingdom,Europe,67000000,8247,198,1682075,27569,25105.6,411.48,1.639,92.0,98.36
2020-01-05,Germany,Europe,83000000,34990,421,34990,421,421.57,5.07,1.203,0.0,98.8
2020-01-12,Germany,Europe,83000000,33450,326,68440,747,824.58,9.0,1.091,0.0,98.91
2020-01-19,Germany,Europe,83000000,32742,533,101182,1280,1219.06,15.42,1.265,0.0,98.73
2020-01-26,Germany,Europe,83000000,40513,978,141695,2258,1707.17,27.2,1.594,0.0,98.41
2020-02-02,Germany,Europe,83000000,41383,854,183078,3112,2205.76,37.49,1.7,0.0,98.3
2020-02-09,Germany,Europe,83000000,41041,770,224119,3882,2700.23,46.77,1.732,0.0,98.27
2020-02-16,Germany,Europe,83000000,31707,390,255826,4272,3082.24,51.47,1.67,0.0,98.33
2020-02-23,Germany,Europe,83000000,40777,653,296603,4925,3573.53,59.34,1.66,0.0,98.34
2020-03-01,Germany,Europe,83000000,33582,348,330185,5273,3978.13,63.53,1.597,0.0,98.4
2020-03-08,Germany,Europe,83000000,41412,1015,371597,6288,4477.07,75.76,1.692,0.0,98.31
2020-03-15,Germany,Europe,83000000,44399,719,415996,7007,5012.0,84.42,1.684,0.0,98.32
2020-03-22,Germany,Europe,83000000,41630,765,457626,7772,5513.57,93.64,1.698,0.0,98.3
2020-03-29,Germany,Europe,83000000,45468,523,503094,8295,6061.37,99.94,1.649,0.0,98.35
2020-04-05,Germany,Europe,83000000,54263,439,557357,8734,6715.14,105.23,1.567,0.0,98.43
2020-04-12,Germany,Europe,83000000,38767,454,596124,9188,7182.22,110.7,1.541,0.0,98.46
2020-04-19,Germany,Europe,83000000,40601,399,636725,9587,7671.39,115.51,1.506,0.0,98.49
2020-04-26,Germany,Europe,83000000,51813,1121,688538,10708,8295.64,129.01,1.555,0.0,98.44
2020-05-03,Germany,Europe,83000000,60922,1018,749460,11726,9029.64,141.28,1.565,0.0,98.44
2020-05-10,Germany,Europe,83000000,51993,1239,801453,12965,9656.06,156.2,1.618,0.0,98.38
2020-05-17,Germany,Europe,83000000,56484,535,857937,13500,10336.59,162.65,1.574,0.0,98.43
2020-05-24,Germany,Europe,83000000,65248,648,923185,14148,11122.71,170.46,1.533,0.0,98.47
2020-05-31,Germany,Europe,83000000,55907,929,979092,15077,11796.29,181.65,1.54,0.0,98.46
2020-06-07,Germany,Europe,83000000,76161,1248,1055253,16325,12713.89,196.69,1.547,0.0,98.45
2020-06-14,Germany,Europe,83000000,70265,1748,1125518,18073,13560.46,217.75,1.606,0.0,98.39
2020-06-21,Germany,Europe,83000000,49088,621,1174606,18694,14151.88,225.23,1.592,0.0,98.41
2020-06-28,Germany,Europe,83000000,59278,899,1233884,19593,14866.07,236.06,1.588,0.0,98.41
2020-07-05,Germany,Europe,83000000,60047,1406,1293931,20999,15589.53,253.0,1.623,0.0,98.38
2020-07-12,Germany,Europe,83000000,71633,1313,1365564,22312,16452.58,268.82,1.634,0.0,98.37
2020-07-19,Germany,Europe,83000000,56167,1235,1421731,23547,17129.29,283.7,1.656,0.0,98.34
2020-07-26,Germany,Europe,83000000,80524,1768,1502255,25315,18099.46,305.0,1.685,0.0,98.31
2020-08-02,Germany,Europe,83000000,44144,830,1546399,26145,18631.31,315.0,1.691,0.0,98.31
2020-08-09,Germany,Europe,83000000,45738,566,1592137,26711,19182.37,321.82,1.678,0.0,98.32
2020-08-16,Germany,Europe,83000000,45692,834,1637829,27545,19732.88,331.87,1.682,0.0,98.32
2020-08-23,Germany,Europe,83000000,68396,680,1706225,28225,20556.93,340.06,1.654,0.0,98.35
2020-08-30,Germany,Europe,83000000,56568,891,1762793,29116,21238.47,350.8,1.652,0.0,98.35
2020-09-06,Germany,Europe,83000000,55284,556,1818077,29672,21904.54,357.49,1.632,0.0,98.37
2020-09-13,Germany,Europe,83000000,56211,1167,1874288,30839,22581.78,371.55,1.645,0.0,98.36
2020-09-20,Germany,Europe,83000000,43122,403,1917410,31242,23101.33,376.41,1.629,0.0,98.37
2020-09-27,Germany,Europe,83000000,51988,1248,1969398,32490,23727.69,391.45,1.65,0.0,98.35
2020-10-04,Germany,Europe,83000000,61370,1199,2030768,33689,24467.08,405.89,1.659,0.0,98.34
2020-10-11,Germany,Europe,83000000,49909,902,2080677,34591,25068.4,416.76,1.662,0.0,98.34
2020-10-18,Germany,Europe,83000000,37426,704,2118103,35295,25519.31,425.24,1.666,0.0,98.33
2020-10-25,Germany,Europe,83000000,64273,1183,2182376,36478,26293.69,439.49,1.671,0.0,98.33
2020-11-01,Germany,Europe,83000000,61097,1240,2243473,37718,27029.8,454.43,1.681,0.0,98.32
2020-11-08,Germany,Europe,83000000,37245,869,2280718,38587,27478.53,464.9,1.692,0.0,98.31
2020-11-15,Germany,Europe,83000000,34371,586,2315089,39173,27892.64,471.96,1.692,0.0,98.31
2020-11-22,Germany,Europe,83000000,35029,287,2350118,39460,28314.67,475.42,1.679,0.0,98.32
2020-11-29,Germany,Europe,83000000,40682,529,2390800,39989,28804.82,481.8,1.673,0.0,98.33
2020-12-06,Germany,Europe,83000000,40334,718,2431134,40707,29290.77,490.45,1.674,0.0,98.33
2020-12-13,Germany,Europe,83000000,28034,282,2459168,40989,29628.53,493.84,1.667,0.0,98.33
2020-12-20,Germany,Europe,83000000,37743,522,2496911,41511,30083.27,500.13,1.662,0.0,98.34
2020-12-27,Germany,Europe,83000000,38965,743,2535876,42254,30552.72,509.08,1.666,0.0,98.33
2021-01-03,Germany,Europe,83000000,38624,763,2574500,43017,31018.07,518.28,1.671,0.0,98.33
2021-01-10,Germany,Europe,83000000,28423,552,2602923,43569,31360.52,524.93,1.674,0.0,98.33
2021-01-17,Germany,Europe,83000000,23621,311,2626544,43880,31645.11,528.67,1.671,0.0,98.33
2021-01-24,Germany,Europe,83000000,29198,455,2655742,44335,31996.89,534.16,1.669,0.0,98.33
2021-01-31,Germany,Europe,83000000,26440,581,2682182,44916,32315.45,541.16,1.675,0.0,98.33
2021-02-07,Germany,Europe,83000000,24205,570,2706387,45486,32607.07,548.02,1.681,0.0,98.32
2021-02-14,Germany,Europe,83000000,16680,223,2723067,45709,32808.04,550.71,1.679,0.0,98.32
2021-02-21,Germany,Europe,83000000,15577,222,2738644,45931,32995.71,553.39,1.677,0.0,98.32
2021-02-28,Germany,Europe,83000000,13010,260,2751654,46191,33152.46,556.52,1.679,0.0,98.32
2021-03-07,Germany,Europe,83000000,10762,154,2762416,46345,33282.12,558.37,1.678,0.26,98.32
2021-03-14,Germany,Europe,83000000,6765,70,2769181,46415,33363.63,559.22,1.676,0.95,98.32
2021-03-21,Germany,Europe,83000000,4542,48,2773723,46463,33418.35,559.8,1.675,1.68,98.33
2021-03-28,Germany,Europe,83000000,6230,117,2779953,46580,33493.41,561.2,1.676,2.81,98.32
2021-04-04,Germany,Europe,83000000,4788,71,2784741,46651,33551.1,562.06,1.675,4.19,98.33
2021-04-11,Germany,Europe,83000000,7909,144,2792650,46795,33646.39,563.8,1.676,5.61,98.32
2021-04-18,Germany,Europe,83000000,6512,161,2799162,46956,33724.84,565.73,1.678,7.08,98.32
2021-04-25,Germany,Europe,83000000,9566,99,2808728,47055,33840.1,566.93,1.675,8.58,98.33
2021-05-02,Germany,Europe,83000000,7995,132,2816723,47187,33936.42,568.52,1.675,10.35,98.33
2021-05-09,Germany,Europe,83000000,12743,110,2829466,47297,34089.95,569.84,1.672,11.57,98.33
2021-05-16,Germany,Europe,83000000,15112,162,2844578,47459,34272.02,571.8,1.668,12.79,98.33
2021-05-23,Germany,Europe,83000000,21541,340,2866119,47799,34531.55,575.89,1.668,14.16,98.33
2021-05-30,Germany,Europe,83000000,26166,260,2892285,48059,34846.81,579.02,1.662,15.93,98.34
2021-06-06,Germany,Europe,83000000,20864,482,2913149,48541,35098.18,584.83,1.666,17.5,98.33
2021-06-13,Germany,Europe,83000000,30884,763,2944033,49304,35470.28,594.02,1.675,18.87,98.33
2021-06-20,Germany,Europe,83000000,35881,524,2979914,49828,35902.58,600.34,1.672,20.3,98.33
2021-06-27,Germany,Europe,83000000,27426,471,3007340,50299,36233.01,606.01,1.673,21.59,98.33
2021-07-04,Germany,Europe,83000000,33542,577,3040882,50876,36637.13,612.96,1.673,23.25,98.33
2021-07-11,Germany,Europe,83000000,41519,643,3082401,51519,37137.36,620.71,1.671,24.63,98.33
2021-07-18,Germany,Europe,83000000,31335,354,3113736,51873,37514.89,624.98,1.666,25.87,98.33
2021-07-25,Germany,Europe,83000000,34934,439,3148670,52312,37935.78,630.27,1.661,27.65,98.34
2021-08-01,Germany,Europe,83000000,41863,582,3190533,52894,38440.16,637.28,1.658,29.19,98.34
2021-08-08,Germany,Europe,83000000,33115,514,3223648,53408,38839.13,643.47,1.657,30.77,98.34
2021-08-15,Germany,Europe,83000000,43692,647,3267340,54055,39365.54,651.27,1.654,32.57,98.35
2021-08-22,Germany,Europe,83000000,56030,1042,3323370,55097,40040.6,663.82,1.658,34.11,98.34
2021-08-29,Germany,Europe,83000000,50582,577,3373952,55674,40650.02,670.77,1.65,35.54,98.35
2021-09-05,Germany,Europe,83000000,35189,565,3409141,56239,41073.99,677.58,1.65,37.07,98.35
2021-09-12,Germany,Europe,83000000,41824,1020,3450965,57259,41577.89,689.87,1.659,38.82,98.34
2021-09-19,Germany,Europe,83000000,58093,991,3509058,58250,42277.81,701.81,1.66,40.54,98.34
2021-09-26,Germany,Europe,83000000,40815,875,3549873,59125,42769.55,712.35,1.666,41.81,98.33
2021-10-03,Germany,Europe,83000000,62957,798,3612830,59923,43528.07,721.96,1.659,43.54,98.34
2021-10-10,Germany,Europe,83000000,69006,726,3681836,60649,44359.47,730.71,1.647,45.02,98.35
2021-10-17,Germany,Europe,83000000,71343,1157,3753179,61806,45219.02,744.65,1.647,46.73,98.35
2021-10-24,Germany,Europe,83000000,59129,850,3812308,62656,45931.42,754.89,1.644,48.11,98.36
2021-10-31,Germany,Europe,83000000,46697,978,3859005,63634,46494.04,766.67,1.649,49.54,98.35
2021-11-07,Germany,Europe,83000000,57772,945,3916777,64579,47190.08,778.06,1.649,51.08,98.35
2021-11-14,Germany,Europe,83000000,70541,1740,3987318,66319,48039.98,799.02,1.663,52.53,98.34
2021-11-21,Germany,Europe,83000000,69656,1462,4056974,67781,48879.2,816.64,1.671,54.07,98.33
2021-11-28,Germany,Europe,83000000,74479,849,4131453,68630,49776.54,826.87,1.661,55.34,98.34
2021-12-05,Germany,Europe,83000000,71090,1099,4202543,69729,50633.05,840.11,1.659,57.05,98.34
2021-12-12,Germany,Europe,83000000,72537,657,4275080,70386,51506.99,848.02,1.646,58.78,98.35
2021-12-19,Germany,Europe,83000000,56831,947,4331911,71333,52191.7,859.43,1.647,60.35,98.35
2021-12-26,Germany,Europe,83000000,73474,611,4405385,71944,53076.93,866.8,1.633,61.84,98.37
2022-01-02,Germany,Europe,83000000,64826,1315,4470211,73259,53857.96,882.64,1.639,63.45,98.36
2022-01-09,Germany,Europe,83000000,45218,591,4515429,73850,54402.76,889.76,1.636,64.87,98.36
2022-01-16,Germany,Europe,83000000,67988,866,4583417,74716,55221.89,900.19,1.63,66.2,98.37
2022-01-23,Germany,Europe,83000000,72591,591,4656008,75307,56096.48,907.31,1.617,67.99,98.38
2022-01-30,Germany,Europe,83000000,62314,1376,4718322,76683,56847.25,923.89,1.625,69.37,98.38
2022-02-06,Germany,Europe,83000000,39416,809,4757738,77492,57322.14,933.64,1.629,71.07,98.37
2022-02-13,Germany,Europe,83000000,62739,654,4820477,78146,58078.04,941.52,1.621,72.72,98.38
2022-02-20,Germany,Europe,83000000,62650,1202,4883127,79348,58832.86,956.0,1.625,74.38,98.38
2022-02-27,Germany,Europe,83000000,63978,1179,4947105,80527,59603.67,970.2,1.628,75.64,98.37
2022-03-06,Germany,Europe,83000000,51553,480,4998658,81007,60224.8,975.99,1.621,77.08,98.38
2022-03-13,Germany,Europe,83000000,47987,437,5046645,81444,60802.95,981.25,1.614,78.49,98.39
2022-03-20,Germany,Europe,83000000,38045,827,5084690,82271,61261.33,991.22,1.618,80.26,98.38
2022-03-27,Germany,Europe,83000000,35956,871,5120646,83142,61694.53,1001.71,1.624,81.77,98.38
2022-04-03,Germany,Europe,83000000,41385,385,5162031,83527,62193.14,1006.35,1.618,83.27,98.38
2022-04-10,Germany,Europe,83000000,53721,1075,5215752,84602,62840.39,1019.3,1.622,84.5,98.38
2022-04-17,Germany,Europe,83000000,32879,488,5248631,85090,63236.52,1025.18,1.621,85.88,98.38
2022-04-24,Germany,Europe,83000000,35849,458,5284480,85548,63668.43,1030.7,1.619,87.56,98.38
2022-05-01,Germany,Europe,83000000,51754,770,5336234,86318,64291.98,1039.98,1.618,89.31,98.38
2022-05-08,Germany,Europe,83000000,35320,568,5371554,86886,64717.52,1046.82,1.618,90.64,98.38
2022-05-15,Germany,Europe,83000000,41112,1013,5412666,87899,65212.84,1059.02,1.624,92.0,98.38
2022-05-22,Germany,Europe,83000000,33146,630,5445812,88529,65612.19,1066.61,1.626,92.0,98.37
2022-05-29,Germany,Europe,83000000,42575,704,5488387,89233,66125.14,1075.1,1.626,92.0,98.37
2022-06-05,Germany,Europe,83000000,35653,663,5524040,89896,66554.7,1083.08,1.627,92.0,98.37
2022-06-12,Germany,Europe,83000000,39368,476,5563408,90372,67029.01,1088.82,1.624,92.0,98.38
2022-06-19,Germany,Europe,83000000,44187,957,5607595,91329,67561.39,1100.35,1.629,92.0,98.37
2022-06-26,Germany,Europe,83000000,38994,406,5646589,91735,68031.19,1105.24,1.625,92.0,98.38
2022-07-03,Germany,Europe,83000000,34507,567,5681096,92302,68446.94,1112.07,1.625,92.0,98.38
2022-07-10,Germany,Europe,83000000,32313,604,5713409,92906,68836.25,1119.35,1.626,92.0,98.37
2022-07-17,Germany,Europe,83000000,49165,658,5762574,93564,69428.6,1127.28,1.624,92.0,98.38
2022-07-24,Germany,Europe,83000000,44396,390,5806970,93954,69963.49,1131.98,1.618,92.0,98.38
2022-07-31,Germany,Europe,83000000,50997,462,5857967,94416,70577.92,1137.54,1.612,92.0,98.39
2022-08-07,Germany,Europe,83000000,32703,398,5890670,94814,70971.93,1142.34,1.61,92.0,98.39
2022-08-14,Germany,Europe,83000000,42446,413,5933116,95227,71483.33,1147.31,1.605,92.0,98.39
2022-08-21,Germany,Europe,83000000,42057,938,5975173,96165,71990.04,1158.61,1.609,92.0,98.39
2022-08-28,Germany,Europe,83000000,58409,1352,6033582,97517,72693.76,1174.9,1.616,92.0,98.38
2022-09-04,Germany,Europe,83000000,63181,910,6096763,98427,73454.98,1185.87,1.614,92.0,98.39
2022-09-11,Germany,Europe,83000000,38855,764,6135618,99191,73923.11,1195.07,1.617,92.0,98.38
2022-09-18,Germany,Europe,83000000,48807,915,6184425,100106,74511.14,1206.1,1.619,92.0,98.38
2022-09-25,Germany,Europe,83000000,37257,403,6221682,100509,74960.02,1210.95,1.615,92.0,98.39
2022-10-02,Germany,Europe,83000000,58989,1440,6280671,101949,75670.73,1228.3,1.623,92.0,98.38
2022-10-09,Germany,Europe,83000000,68802,1372,6349473,103321,76499.67,1244.83,1.627,92.0,98.37
2022-10-16,Germany,Europe,83000000,41662,887,6391135,104208,77001.63,1255.52,1.631,92.0,98.37
2022-10-23,Germany,Europe,83000000,40037,565,6431172,104773,77484.0,1262.33,1.629,92.0,98.37
2022-10-30,Germany,Europe,83000000,55189,847,6486361,105620,78148.93,1272.53,1.628,92.0,98.37
2022-11-06,Germany,Europe,83000000,45665,651,6532026,106271,78699.11,1280.37,1.627,92.0,98.37
2022-11-13,Germany,Europe,83000000,40511,852,6572537,107123,79187.19,1290.64,1.63,92.0,98.37
2022-11-20,Germany,Europe,83000000,66048,1483,6638585,108606,79982.95,1308.51,1.636,92.0,98.36
2022-11-27,Germany,Europe,83000000,60424,968,6699009,109574,80710.95,1320.17,1.636,92.0,98.36
2022-12-04,Germany,Europe,83000000,45599,890,6744608,110464,81260.34,1330.89,1.638,92.0,98.36
2022-12-11,Germany,Europe,83000000,47929,494,6792537,110958,81837.8,1336.84,1.634,92.0,98.37
2022-12-18,Germany,Europe,83000000,61965,828,6854502,111786,82584.36,1346.82,1.631,92.0,98.37
2022-12-25,Germany,Europe,83000000,50293,1012,6904795,112798,83190.3,1359.01,1.634,92.0,98.37
2023-01-01,Germany,Europe,83000000,65453,843,6970248,113641,83978.89,1369.17,1.63,92.0,98.37
2023-01-08,Germany,Europe,83000000,38434,380,7008682,114021,84441.95,1373.75,1.627,92.0,98.37
2023-01-15,Germany,Europe,83000000,44291,983,7052973,115004,84975.58,1385.59,1.631,92.0,98.37
2023-01-22,Germany,Europe,83000000,46870,643,7099843,115647,85540.28,1393.34,1.629,92.0,98.37
2023-01-29,Germany,Europe,83000000,38349,576,7138192,116223,86002.31,1400.28,1.628,92.0,98.37
2023-02-05,Germany,Europe,83000000,45603,776,7183795,116999,86551.75,1409.63,1.629,92.0,98.37
2023-02-12,Germany,Europe,83000000,33294,529,7217089,117528,86952.88,1416.0,1.628,92.0,98.37
2023-02-19,Germany,Europe,83000000,46372,905,7263461,118433,87511.58,1426.9,1.631,92.0,98.37
2023-02-26,Germany,Europe,83000000,51751,1093,7315212,119526,88135.08,1440.07,1.634,92.0,98.37
2023-03-05,Germany,Europe,83000000,55218,559,7370430,120085,88800.36,1446.81,1.629,92.0,98.37
2023-03-12,Germany,Europe,83000000,48076,1044,7418506,121129,89379.59,1459.39,1.633,92.0,98.37
2023-03-19,Germany,Europe,83000000,34120,283,7452626,121412,89790.67,1462.8,1.629,92.0,98.37
2023-03-26,Germany,Europe,83000000,44178,742,7496804,122154,90322.94,1471.73,1.629,92.0,98.37
2023-04-02,Germany,Europe,83000000,33350,267,7530154,122421,90724.75,1474.95,1.626,92.0,98.37
2023-04-09,Germany,Europe,83000000,37236,914,7567390,123335,91173.37,1485.96,1.63,92.0,98.37
2023-04-16,Germany,Europe,83000000,23033,536,7590423,123871,91450.88,1492.42,1.632,92.0,98.37
2023-04-23,Germany,Europe,83000000,35290,557,7625713,124428,91876.06,1499.13,1.632,92.0,98.37
2023-04-30,Germany,Europe,83000000,24774,225,7650487,124653,92174.54,1501.84,1.629,92.0,98.37
2023-05-07,Germany,Europe,83000000,21982,356,7672469,125009,92439.39,1506.13,1.629,92.0,98.37
2023-05-14,Germany,Europe,83000000,23319,209,7695788,125218,92720.34,1508.65,1.627,92.0,98.37
2023-05-21,Germany,Europe,83000000,27091,578,7722879,125796,93046.73,1515.61,1.629,92.0,98.37
2023-05-28,Germany,Europe,83000000,19577,477,7742456,126273,93282.6,1521.36,1.631,92.0,98.37
2023-06-04,Germany,Europe,83000000,15496,183,7757952,126456,93469.3,1523.57,1.63,92.0,98.37
2023-06-11,Germany,Europe,83000000,12820,238,7770772,126694,93623.76,1526.43,1.63,92.0,98.37
2023-06-18,Germany,Europe,83000000,16532,173,7787304,126867,93822.94,1528.52,1.629,92.0,98.37
2023-06-25,Germany,Europe,83000000,16442,240,7803746,127107,94021.04,1531.41,1.629,92.0,98.37
2023-07-02,Germany,Europe,83000000,12481,173,7816227,127280,94171.41,1533.49,1.628,92.0,98.37
2023-07-09,Germany,Europe,83000000,12180,194,7828407,127474,94318.16,1535.83,1.628,92.0,98.37
2023-07-16,Germany,Europe,83000000,14905,135,7843312,127609,94497.73,1537.46,1.627,92.0,98.37
2023-07-23,Germany,Europe,83000000,8846,165,7852158,127774,94604.31,1539.45,1.627,92.0,98.37
2023-07-30,Germany,Europe,83000000,9236,224,7861394,127998,94715.59,1542.14,1.628,92.0,98.37
2023-08-06,Germany,Europe,83000000,9376,154,7870770,128152,94828.55,1544.0,1.628,92.0,98.37
2023-08-13,Germany,Europe,83000000,7714,97,7878484,128249,94921.49,1545.17,1.628,92.0,98.37
2023-08-20,Germany,Europe,83000000,10999,190,7889483,128439,95054.01,1547.46,1.628,92.0,98.37
2023-08-27,Germany,Europe,83000000,10058,108,7899541,128547,95175.19,1548.76,1.627,92.0,98.37
2023-09-03,Germany,Europe,83000000,13544,119,7913085,128666,95338.37,1550.19,1.626,92.0,98.37
2023-09-10,Germany,Europe,83000000,24418,524,7937503,129190,95632.57,1556.51,1.628,92.0,98.37
2023-09-17,Germany,Europe,83000000,18139,441,7955642,129631,95851.11,1561.82,1.629,92.0,98.37
2023-09-24,Germany,Europe,83000000,30432,758,7986074,130389,96217.76,1570.95,1.633,92.0,98.37
2023-10-01,Germany,Europe,83000000,34015,601,8020089,130990,96627.58,1578.19,1.633,92.0,98.37
2023-10-08,Germany,Europe,83000000,27716,501,8047805,131491,96961.51,1584.23,1.634,92.0,98.37
2023-10-15,Germany,Europe,83000000,33459,825,8081264,132316,97364.63,1594.17,1.637,92.0,98.36
2023-10-22,Germany,Europe,83000000,39367,922,8120631,133238,97838.93,1605.28,1.641,92.0,98.36
2023-10-29,Germany,Europe,83000000,45623,769,8166254,134007,98388.6,1614.54,1.641,92.0,98.36
2023-11-05,Germany,Europe,83000000,43819,470,8210073,134477,98916.54,1620.2,1.638,92.0,98.36
2023-11-12,Germany,Europe,83000000,45357,553,8255430,135030,99463.01,1626.87,1.636,92.0,98.36
2023-11-19,Germany,Europe,83000000,46399,499,8301829,135529,100022.04,1632.88,1.633,92.0,98.37
2023-11-26,Germany,Europe,83000000,51395,847,8353224,136376,100641.25,1643.08,1.633,92.0,98.37
2023-12-03,Germany,Europe,83000000,32540,457,8385764,136833,101033.3,1648.59,1.632,92.0,98.37
2023-12-10,Germany,Europe,83000000,40175,754,8425939,137587,101517.34,1657.67,1.633,92.0,98.37
2023-12-17,Germany,Europe,83000000,44441,996,8470380,138583,102052.77,1669.67,1.636,92.0,98.36
2023-12-24,Germany,Europe,83000000,38968,595,8509348,139178,102522.27,1676.84,1.636,92.0,98.36
2023-12-31,Germany,Europe,83000000,52459,1010,8561807,140188,103154.3,1689.01,1.637,92.0,98.36
2020-01-05,France,Europe,67000000,10639,264,10639,264,158.79,3.94,2.481,0.0,97.52
2020-01-12,France,Europe,67000000,18193,298,28832,562,430.33,8.39,1.949,0.0,98.05
2020-01-19,France,Europe,67000000,15259,246,44091,808,658.07,12.06,1.833,0.0,98.17
2020-01-26,France,Europe,67000000,17278,164,61369,972,915.96,14.51,1.584,0.0,98.42
2020-02-02,France,Europe,67000000,12088,108,73457,1080,1096.37,16.12,1.47,0.0,98.53
2020-02-09,France,Europe,67000000,17012,215,90469,1295,1350.28,19.33,1.431,0.0,98.57
2020-02-16,France,Europe,67000000,19726,490,110195,1785,1644.7,26.64,1.62,0.0,98.38
2020-02-23,France,Europe,67000000,17833,316,128028,2101,1910.87,31.36,1.641,0.0,98.36
2020-03-01,France,Europe,67000000,18866,422,146894,2523,2192.45,37.66,1.718,0.0,98.28
2020-03-08,France,Europe,67000000,25549,585,172443,3108,2573.78,46.39,1.802,0.0,98.2
2020-03-15,France,Europe,67000000,27315,231,199758,3339,2981.46,49.84,1.672,0.0,98.33
2020-03-22,France,Europe,67000000,26384,548,226142,3887,3375.25,58.01,1.719,0.0,98.28
2020-03-29,France,Europe,67000000,18868,457,245010,4344,3656.87,64.84,1.773,0.0,98.23
2020-04-05,France,Europe,67000000,18245,356,263255,4700,3929.18,70.15,1.785,0.0,98.22
2020-04-12,France,Europe,67000000,19774,303,283029,5003,4224.31,74.67,1.768,0.0,98.23
2020-04-19,France,Europe,67000000,27387,481,310416,5484,4633.07,81.85,1.767,0.0,98.23
2020-04-26,France,Europe,67000000,23616,319,334032,5803,4985.55,86.61,1.737,0.0,98.26
2020-05-03,France,Europe,67000000,30260,316,364292,6119,5437.19,91.33,1.68,0.0,98.32
2020-05-10,France,Europe,67000000,24474,571,388766,6690,5802.48,99.85,1.721,0.0,98.28
2020-05-17,France,Europe,67000000,31292,463,420058,7153,6269.52,106.76,1.703,0.0,98.3
2020-05-24,France,Europe,67000000,30385,668,450443,7821,6723.03,116.73,1.736,0.0,98.26
2020-05-31,France,Europe,67000000,32719,564,483162,8385,7211.37,125.15,1.735,0.0,98.27
2020-06-07,France,Europe,67000000,22025,271,505187,8656,7540.1,129.19,1.713,0.0,98.29
2020-06-14,France,Europe,67000000,23666,428,528853,9084,7893.33,135.58,1.718,0.0,98.28
2020-06-21,France,Europe,67000000,19523,367,548376,9451,8184.72,141.06,1.723,0.0,98.28
2020-06-28,France,Europe,67000000,25022,325,573398,9776,8558.18,145.91,1.705,0.0,98.3
2020-07-05,France,Europe,67000000,33522,530,606920,10306,9058.51,153.82,1.698,0.0,98.3
2020-07-12,France,Europe,67000000,20686,456,627606,10762,9367.25,160.63,1.715,0.0,98.28
2020-07-19,France,Europe,67000000,19890,404,647496,11166,9664.12,166.66,1.724,0.0,98.28
2020-07-26,France,Europe,67000000,31702,443,679198,11609,10137.28,173.27,1.709,0.0,98.29
2020-08-02,France,Europe,67000000,32392,543,711590,12152,10620.75,181.37,1.708,0.0,98.29
2020-08-09,France,Europe,67000000,26351,231,737941,12383,11014.04,184.82,1.678,0.0,98.32
2020-08-16,France,Europe,67000000,23365,556,761306,12939,11362.78,193.12,1.7,0.0,98.3
2020-08-23,France,Europe,67000000,24758,428,786064,13367,11732.3,199.51,1.7,0.0,98.3
2020-08-30,France,Europe,67000000,26677,481,812741,13848,12130.46,206.69,1.704,0.0,98.3
2020-09-06,France,Europe,67000000,19028,269,831769,14117,12414.46,210.7,1.697,0.0,98.3
2020-09-13,France,Europe,67000000,28837,329,860606,14446,12844.87,215.61,1.679,0.0,98.32
2020-09-20,France,Europe,67000000,20550,167,881156,14613,13151.58,218.1,1.658,0.0,98.34
2020-09-27,France,Europe,67000000,23594,542,904750,15155,13503.73,226.19,1.675,0.0,98.33
2020-10-04,France,Europe,67000000,17540,197,922290,15352,13765.52,229.13,1.665,0.0,98.33
2020-10-11,France,Europe,67000000,20754,424,943044,15776,14075.28,235.46,1.673,0.0,98.33
2020-10-18,France,Europe,67000000,24742,372,967786,16148,14444.57,241.01,1.669,0.0,98.33
2020-10-25,France,Europe,67000000,25615,470,993401,16618,14826.88,248.03,1.673,0.0,98.33
2020-11-01,France,Europe,67000000,26587,582,1019988,17200,15223.7,256.72,1.686,0.0,98.31
2020-11-08,France,Europe,67000000,17679,223,1037667,17423,15487.57,260.04,1.679,0.0,98.32
2020-11-15,France,Europe,67000000,15502,212,1053169,17635,15718.94,263.21,1.674,0.0,98.33
2020-11-22,France,Europe,67000000,24956,371,1078125,18006,16091.42,268.75,1.67,0.0,98.33
2020-11-29,France,Europe,67000000,15290,320,1093415,18326,16319.63,273.52,1.676,0.0,98.32
2020-12-06,France,Europe,67000000,17955,189,1111370,18515,16587.61,276.34,1.666,0.0,98.33
2020-12-13,France,Europe,67000000,15426,232,1126796,18747,16817.85,279.81,1.664,0.0,98.34
2020-12-20,France,Europe,67000000,18084,151,1144880,18898,17087.76,282.06,1.651,0.0,98.35
2020-12-27,France,Europe,67000000,12701,213,1157581,19111,17277.33,285.24,1.651,0.0,98.35
2021-01-03,France,Europe,67000000,11860,221,1169441,19332,17454.34,288.54,1.653,0.0,98.35
2021-01-10,France,Europe,67000000,12633,178,1182074,19510,17642.9,291.19,1.65,0.0,98.35
2021-01-17,France,Europe,67000000,14919,279,1196993,19789,17865.57,295.36,1.653,0.0,98.35
2021-01-24,France,Europe,67000000,8333,146,1205326,19935,17989.94,297.54,1.654,0.0,98.35
2021-01-31,France,Europe,67000000,11278,226,1216604,20161,18158.27,300.91,1.657,0.0,98.34
2021-02-07,France,Europe,67000000,6890,169,1223494,20330,18261.1,303.43,1.662,0.0,98.34
2021-02-14,France,Europe,67000000,7260,77,1230754,20407,18369.46,304.58,1.658,0.0,98.34
2021-02-21,France,Europe,67000000,5164,49,1235918,20456,18446.54,305.31,1.655,0.0,98.34
2021-02-28,France,Europe,67000000,6241,62,1242159,20518,18539.69,306.24,1.652,0.0,98.35
2021-03-07,France,Europe,67000000,3226,72,1245385,20590,18587.84,307.31,1.653,0.28,98.35
2021-03-14,France,Europe,67000000,2183,19,1247568,20609,18620.42,307.6,1.652,0.8,98.35
2021-03-21,France,Europe,67000000,1783,34,1249351,20643,18647.03,308.1,1.652,1.57,98.35
2021-03-28,France,Europe,67000000,1902,39,1251253,20682,18675.42,308.69,1.653,2.85,98.35
2021-04-04,France,Europe,67000000,2666,46,1253919,20728,18715.21,309.37,1.653,4.24,98.35
2021-04-11,France,Europe,67000000,3045,50,1256964,20778,18760.66,310.12,1.653,5.67,98.35
2021-04-18,France,Europe,67000000,4197,34,1261161,20812,18823.3,310.63,1.65,7.34,98.35
2021-04-25,France,Europe,67000000,2866,61,1264027,20873,18866.07,311.54,1.651,8.91,98.35
2021-05-02,France,Europe,67000000,5792,55,1269819,20928,18952.52,312.36,1.648,10.45,98.35
2021-05-09,France,Europe,67000000,5898,117,1275717,21045,19040.55,314.1,1.65,11.97,98.35
2021-05-16,France,Europe,67000000,7144,109,1282861,21154,19147.18,315.73,1.649,13.35,98.35
2021-05-23,France,Europe,67000000,7951,79,1290812,21233,19265.85,316.91,1.645,15.13,98.36
2021-05-30,France,Europe,67000000,10251,247,1301063,21480,19418.85,320.6,1.651,16.47,98.35
2021-06-06,France,Europe,67000000,12410,269,1313473,21749,19604.07,324.61,1.656,18.07,98.34
2021-06-13,France,Europe,67000000,11949,159,1325422,21908,19782.42,326.99,1.653,19.76,98.35
2021-06-20,France,Europe,67000000,12109,111,1337531,22019,19963.15,328.64,1.646,21.15,98.35
2021-06-27,France,Europe,67000000,16465,369,1353996,22388,20208.9,334.15,1.653,22.94,98.35
2021-07-04,France,Europe,67000000,15061,183,1369057,22571,20433.69,336.88,1.649,24.24,98.35
2021-07-11,France,Europe,67000000,12093,100,1381150,22671,20614.18,338.37,1.641,25.67,98.36
2021-07-18,France,Europe,67000000,12846,192,1393996,22863,20805.91,341.24,1.64,27.43,98.36
2021-07-25,France,Europe,67000000,15915,364,1409911,23227,21043.45,346.67,1.647,29.0,98.35
2021-08-01,France,Europe,67000000,14774,207,1424685,23434,21263.96,349.76,1.645,30.25,98.36
2021-08-08,France,Europe,67000000,16375,319,1441060,23753,21508.36,354.52,1.648,31.49,98.35
2021-08-15,France,Europe,67000000,15586,225,1456646,23978,21740.99,357.88,1.646,33.28,98.35
2021-08-22,France,Europe,67000000,22993,470,1479639,24448,22084.16,364.9,1.652,34.55,98.35
2021-08-29,France,Europe,67000000,23726,506,1503365,24954,22438.28,372.45,1.66,36.11,98.34
2021-09-05,France,Europe,67000000,27088,366,1530453,25320,22842.58,377.91,1.654,37.87,98.35
2021-09-12,France,Europe,67000000,26872,220,1557325,25540,23243.66,381.19,1.64,39.34,98.36
2021-09-19,France,Europe,67000000,28381,276,1585706,25816,23667.25,385.31,1.628,40.87,98.37
2021-09-26,France,Europe,67000000,29056,506,1614762,26322,24100.93,392.87,1.63,42.19,98.37
2021-10-03,France,Europe,67000000,24169,277,1638931,26599,24461.66,397.0,1.623,43.7,98.38
2021-10-10,France,Europe,67000000,17460,319,1656391,26918,24722.25,401.76,1.625,45.21,98.38
2021-10-17,France,Europe,67000000,27266,510,1683657,27428,25129.21,409.37,1.629,46.74,98.37
2021-10-24,France,Europe,67000000,26917,281,1710574,27709,25530.96,413.57,1.62,48.3,98.38
2021-10-31,France,Europe,67000000,19644,466,1730218,28175,25824.15,420.52,1.628,49.54,98.37
2021-11-07,France,Europe,67000000,23669,469,1753887,28644,26177.42,427.52,1.633,51.01,98.37
2021-11-14,France,Europe,67000000,18807,327,1772694,28971,26458.12,432.4,1.634,52.6,98.37
2021-11-21,France,Europe,67000000,28123,403,1800817,29374,26877.87,438.42,1.631,54.13,98.37
2021-11-28,France,Europe,67000000,24426,474,1825243,29848,27242.43,445.49,1.635,55.68,98.36
2021-12-05,France,Europe,67000000,25630,313,1850873,30161,27624.97,450.16,1.63,56.89,98.37
2021-12-12,France,Europe,67000000,20324,203,1871197,30364,27928.31,453.19,1.623,58.36,98.38
2021-12-19,France,Europe,67000000,26946,313,1898143,30677,28330.49,457.87,1.616,60.12,98.38
2021-12-26,France,Europe,67000000,17729,374,1915872,31051,28595.1,463.45,1.621,61.69,98.38
2022-01-02,France,Europe,67000000,23176,205,1939048,31256,28941.01,466.51,1.612,63.27,98.39
2022-01-09,France,Europe,67000000,23221,555,1962269,31811,29287.6,474.79,1.621,64.8,98.38
2022-01-16,France,Europe,67000000,31273,367,1993542,32178,29754.36,480.27,1.614,66.43,98.39
2022-01-23,France,Europe,67000000,26242,539,2019784,32717,30146.03,488.31,1.62,67.76,98.38
2022-01-30,France,Europe,67000000,26650,438,2046434,33155,30543.79,494.85,1.62,69.41,98.38
2022-02-06,France,Europe,67000000,21459,496,2067893,33651,30864.07,502.25,1.627,70.66,98.37
2022-02-13,France,Europe,67000000,27950,632,2095843,34283,31281.24,511.69,1.636,72.35,98.36
2022-02-20,France,Europe,67000000,23398,361,2119241,34644,31630.46,517.07,1.635,74.14,98.36
2022-02-27,France,Europe,67000000,19100,330,2138341,34974,31915.54,522.0,1.636,75.75,98.36
2022-03-06,France,Europe,67000000,25051,287,2163392,35261,32289.43,526.28,1.63,77.34,98.37
2022-03-13,France,Europe,67000000,26054,230,2189446,35491,32678.3,529.72,1.621,79.09,98.38
2022-03-20,France,Europe,67000000,15332,215,2204778,35706,32907.13,532.93,1.619,80.3,98.38
2022-03-27,France,Europe,67000000,15537,364,2220315,36070,33139.03,538.36,1.625,81.71,98.38
2022-04-03,France,Europe,67000000,19335,225,2239650,36295,33427.61,541.72,1.621,83.27,98.38
2022-04-10,France,Europe,67000000,20769,297,2260419,36592,33737.6,546.15,1.619,84.67,98.38
2022-04-17,France,Europe,67000000,23424,340,2283843,36932,34087.21,551.22,1.617,86.16,98.38
2022-04-24,France,Europe,67000000,15993,341,2299836,37273,34325.91,556.31,1.621,87.6,98.38
2022-05-01,France,Europe,67000000,17860,219,2317696,37492,34592.48,559.58,1.618,89.39,98.38
2022-05-08,France,Europe,67000000,14897,314,2332593,37806,34814.82,564.27,1.621,90.85,98.38
2022-05-15,France,Europe,67000000,13444,290,2346037,38096,35015.48,568.6,1.624,92.0,98.38
2022-05-22,France,Europe,67000000,19016,448,2365053,38544,35299.3,575.28,1.63,92.0,98.37
2022-05-29,France,Europe,67000000,10714,229,2375767,38773,35459.21,578.7,1.632,92.0,98.37
2022-06-05,France,Europe,67000000,17867,336,2393634,39109,35725.88,583.72,1.634,92.0,98.37
2022-06-12,France,Europe,67000000,15267,260,2408901,39369,35953.75,587.6,1.634,92.0,98.37
2022-06-19,France,Europe,67000000,18652,282,2427553,39651,36232.13,591.81,1.633,92.0,98.37
2022-06-26,France,Europe,67000000,19421,353,2446974,40004,36522.0,597.07,1.635,92.0,98.36
2022-07-03,France,Europe,67000000,18146,270,2465120,40274,36792.84,601.1,1.634,92.0,98.37
2022-07-10,France,Europe,67000000,12780,147,2477900,40421,36983.58,603.3,1.631,92.0,98.37
2022-07-17,France,Europe,67000000,20769,170,2498669,40591,37293.57,605.84,1.625,92.0,98.38
2022-07-24,France,Europe,67000000,23813,235,2522482,40826,37648.99,609.34,1.618,92.0,98.38
2022-07-31,France,Europe,67000000,22883,549,2545365,41375,37990.52,617.54,1.626,92.0,98.37
2022-08-07,France,Europe,67000000,22697,500,2568062,41875,38329.28,625.0,1.631,92.0,98.37
2022-08-14,France,Europe,67000000,24303,197,2592365,42072,38692.01,627.94,1.623,92.0,98.38
2022-08-21,France,Europe,67000000,20282,353,2612647,42425,38994.73,633.21,1.624,92.0,98.38
2022-08-28,France,Europe,67000000,24545,228,2637192,42653,39361.07,636.61,1.617,92.0,98.38
2022-09-04,France,Europe,67000000,26124,304,2663316,42957,39750.99,641.15,1.613,92.0,98.39
2022-09-11,France,Europe,67000000,26008,487,2689324,43444,40139.16,648.42,1.615,92.0,98.39
2022-09-18,France,Europe,67000000,19439,232,2708763,43676,40429.3,651.88,1.612,92.0,98.39
2022-09-25,France,Europe,67000000,28352,264,2737115,43940,40852.46,655.82,1.605,92.0,98.39
2022-10-02,France,Europe,67000000,20993,354,2758108,44294,41165.79,661.1,1.606,92.0,98.39
2022-10-09,France,Europe,67000000,28687,397,2786795,44691,41593.96,667.03,1.604,92.0,98.4
2022-10-16,France,Europe,67000000,22291,183,2809086,44874,41926.66,669.76,1.597,92.0,98.4
2022-10-23,France,Europe,67000000,23064,345,2832150,45219,42270.9,674.91,1.597,92.0,98.4
2022-10-30,France,Europe,67000000,22109,360,2854259,45579,42600.88,680.28,1.597,92.0,98.4
2022-11-06,France,Europe,67000000,27255,617,2881514,46196,43007.67,689.49,1.603,92.0,98.4
2022-11-13,France,Europe,67000000,27982,365,2909496,46561,43425.31,694.94,1.6,92.0,98.4
2022-11-20,France,Europe,67000000,21612,325,2931108,46886,43747.88,699.79,1.6,92.0,98.4
2022-11-27,France,Europe,67000000,29208,293,2960316,47179,44183.82,704.16,1.594,92.0,98.41
2022-12-04,France,Europe,67000000,24830,248,2985146,47427,44554.42,707.87,1.589,92.0,98.41
2022-12-11,France,Europe,67000000,20852,225,3005998,47652,44865.64,711.22,1.585,92.0,98.42
2022-12-18,France,Europe,67000000,20079,275,3026077,47927,45165.33,715.33,1.584,92.0,98.42
2022-12-25,France,Europe,67000000,24099,596,3050176,48523,45525.01,724.22,1.591,92.0,98.41
2023-01-01,France,Europe,67000000,26306,600,3076482,49123,45917.64,733.18,1.597,92.0,98.4
2023-01-08,France,Europe,67000000,21322,443,3097804,49566,46235.88,739.79,1.6,92.0,98.4
2023-01-15,France,Europe,67000000,19862,343,3117666,49909,46532.33,744.91,1.601,92.0,98.4
2023-01-22,France,Europe,67000000,15516,373,3133182,50282,46763.91,750.48,1.605,92.0,98.39
2023-01-29,France,Europe,67000000,21255,507,3154437,50789,47081.15,758.04,1.61,92.0,98.39
2023-02-05,France,Europe,67000000,26829,448,3181266,51237,47481.58,764.73,1.611,92.0,98.39
2023-02-12,France,Europe,67000000,23526,459,3204792,51696,47832.72,771.58,1.613,92.0,98.39
2023-02-19,France,Europe,67000000,25081,531,3229873,52227,48207.06,779.51,1.617,92.0,98.38
2023-02-26,France,Europe,67000000,23232,451,3253105,52678,48553.81,786.24,1.619,92.0,98.38
2023-03-05,France,Europe,67000000,22765,267,3275870,52945,48893.58,790.22,1.616,92.0,98.38
2023-03-12,France,Europe,67000000,21884,447,3297754,53392,49220.21,796.9,1.619,92.0,98.38
2023-03-19,France,Europe,67000000,19681,313,3317435,53705,49513.96,801.57,1.619,92.0,98.38
2023-03-26,France,Europe,67000000,13431,136,3330866,53841,49714.42,803.6,1.616,92.0,98.38
2023-04-02,France,Europe,67000000,15847,264,3346713,54105,49950.94,807.54,1.617,92.0,98.38
2023-04-09,France,Europe,67000000,13890,225,3360603,54330,50158.25,810.9,1.617,92.0,98.38
2023-04-16,France,Europe,67000000,13131,249,3373734,54579,50354.24,814.61,1.618,92.0,98.38
2023-04-23,France,Europe,67000000,11293,130,3385027,54709,50522.79,816.55,1.616,92.0,98.38
2023-04-30,France,Europe,67000000,11943,132,3396970,54841,50701.04,818.52,1.614,92.0,98.39
2023-05-07,France,Europe,67000000,13488,233,3410458,55074,50902.36,822.0,1.615,92.0,98.39
2023-05-14,France,Europe,67000000,9895,165,3420353,55239,51050.04,824.46,1.615,92.0,98.39
2023-05-21,France,Europe,67000000,7729,185,3428082,55424,51165.4,827.22,1.617,92.0,98.38
2023-05-28,France,Europe,67000000,7944,73,3436026,55497,51283.97,828.31,1.615,92.0,98.39
2023-06-04,France,Europe,67000000,7727,154,3443753,55651,51399.3,830.61,1.616,92.0,98.38
2023-06-11,France,Europe,67000000,6483,56,3450236,55707,51496.06,831.45,1.615,92.0,98.39
2023-06-18,France,Europe,67000000,8547,123,3458783,55830,51623.63,833.28,1.614,92.0,98.39
2023-06-25,France,Europe,67000000,7888,113,3466671,55943,51741.36,834.97,1.614,92.0,98.39
2023-07-02,France,Europe,67000000,4752,46,3471423,55989,51812.28,835.66,1.613,92.0,98.39
2023-07-09,France,Europe,67000000,6288,95,3477711,56084,51906.13,837.07,1.613,92.0,98.39
2023-07-16,France,Europe,67000000,5777,80,3483488,56164,51992.36,838.27,1.612,92.0,98.39
2023-07-23,France,Europe,67000000,6241,51,3489729,56215,52085.51,839.03,1.611,92.0,98.39
2023-07-30,France,Europe,67000000,5744,83,3495473,56298,52171.24,840.27,1.611,92.0,98.39
2023-08-06,France,Europe,67000000,4337,63,3499810,56361,52235.97,841.21,1.61,92.0,98.39
2023-08-13,France,Europe,67000000,3806,69,3503616,56430,52292.78,842.24,1.611,92.0,98.39
2023-08-20,France,Europe,67000000,5650,127,3509266,56557,52377.1,844.13,1.612,92.0,98.39
2023-08-27,France,Europe,67000000,6884,90,3516150,56647,52479.85,845.48,1.611,92.0,98.39
2023-09-03,France,Europe,67000000,7964,116,3524114,56763,52598.72,847.21,1.611,92.0,98.39
2023-09-10,France,Europe,67000000,6616,120,3530730,56883,52697.46,849.0,1.611,92.0,98.39
2023-09-17,France,Europe,67000000,11281,229,3542011,57112,52865.84,852.42,1.612,92.0,98.39
2023-09-24,France,Europe,67000000,10665,191,3552676,57303,53025.01,855.27,1.613,92.0,98.39
2023-10-01,France,Europe,67000000,10979,171,3563655,57474,53188.88,857.82,1.613,92.0,98.39
2023-10-08,France,Europe,67000000,11886,206,3575541,57680,53366.28,860.9,1.613,92.0,98.39
2023-10-15,France,Europe,67000000,14518,300,3590059,57980,53582.97,865.37,1.615,92.0,98.39
2023-10-22,France,Europe,67000000,14663,323,3604722,58303,53801.82,870.19,1.617,92.0,98.38
2023-10-29,France,Europe,67000000,13343,255,3618065,58558,54000.97,874.0,1.618,92.0,98.38
2023-11-05,France,Europe,67000000,12056,255,3630121,58813,54180.91,877.81,1.62,92.0,98.38
2023-11-12,France,Europe,67000000,16864,416,3646985,59229,54432.61,884.01,1.624,92.0,98.38
2023-11-19,France,Europe,67000000,21139,437,3668124,59666,54748.12,890.54,1.627,92.0,98.37
2023-11-26,France,Europe,67000000,15795,250,3683919,59916,54983.87,894.27,1.626,92.0,98.37
2023-12-03,France,Europe,67000000,18846,435,3702765,60351,55265.15,900.76,1.63,92.0,98.37
2023-12-10,France,Europe,67000000,22267,502,3725032,60853,55597.49,908.25,1.634,92.0,98.37
2023-12-17,France,Europe,67000000,20509,234,3745541,61087,55903.6,911.75,1.631,92.0,98.37
2023-12-24,France,Europe,67000000,25290,389,3770831,61476,56281.06,917.55,1.63,92.0,98.37
2023-12-31,France,Europe,67000000,17283,358,3788114,61834,56539.01,922.9,1.632,92.0,98.37
2020-01-05,Italy,Europe,60000000,15322,382,15322,382,255.37,6.37,2.493,0.0,97.51
2020-01-12,Italy,Europe,60000000,19303,399,34625,781,577.08,13.02,2.256,0.0,97.74
2020-01-19,Italy,Europe,60000000,27027,610,61652,1391,1027.53,23.18,2.256,0.0,97.74
2020-01-26,Italy,Europe,60000000,31279,378,92931,1769,1548.85,29.48,1.904,0.0,98.1
2020-02-02,Italy,Europe,60000000,18338,274,111269,2043,1854.48,34.05,1.836,0.0,98.16
2020-02-09,Italy,Europe,60000000,20641,172,131910,2215,2198.5,36.92,1.679,0.0,98.32
2020-02-16,Italy,Europe,60000000,25386,541,157296,2756,2621.6,45.93,1.752,0.0,98.25
2020-02-23,Italy,Europe,60000000,29995,399,187291,3155,3121.52,52.58,1.685,0.0,98.31
2020-03-01,Italy,Europe,60000000,32730,390,220021,3545,3667.02,59.08,1.611,0.0,98.39
2020-03-08,Italy,Europe,60000000,21985,461,242006,4006,4033.43,66.77,1.655,0.0,98.34
2020-03-15,Italy,Europe,60000000,34432,721,276438,4727,4607.3,78.78,1.71,0.0,98.29
2020-03-22,Italy,Europe,60000000,23896,531,300334,5258,5005.57,87.63,1.751,0.0,98.25
2020-03-29,Italy,Europe,60000000,36409,639,336743,5897,5612.38,98.28,1.751,0.0,98.25
2020-04-05,Italy,Europe,60000000,37468,850,374211,6747,6236.85,112.45,1.803,0.0,98.2
2020-04-12,Italy,Europe,60000000,37562,671,411773,7418,6862.88,123.63,1.801,0.0,98.2
2020-04-19,Italy,Europe,60000000,47228,985,459001,8403,7650.02,140.05,1.831,0.0,98.17
2020-04-26,Italy,Europe,60000000,35928,719,494929,9122,8248.82,152.03,1.843,0.0,98.16
2020-05-03,Italy,Europe,60000000,35373,420,530302,9542,8838.37,159.03,1.799,0.0,98.2
2020-05-10,Italy,Europe,60000000,40745,968,571047,10510,9517.45,175.17,1.84,0.0,98.16
2020-05-17,Italy,Europe,60000000,49122,678,620169,11188,10336.15,186.47,1.804,0.0,98.2
2020-05-24,Italy,Europe,60000000,40215,466,660384,11654,11006.4,194.23,1.765,0.0,98.23
2020-05-31,Italy,Europe,60000000,51881,1280,712265,12934,11871.08,215.57,1.816,0.0,98.18
2020-06-07,Italy,Europe,60000000,43976,953,756241,13887,12604.02,231.45,1.836,0.0,98.16
2020-06-14,Italy,Europe,60000000,45905,830,802146,14717,13369.1,245.28,1.835,0.0,98.17
2020-06-21,Italy,Europe,60000000,29933,470,832079,15187,13867.98,253.12,1.825,0.0,98.17
2020-06-28,Italy,Europe,60000000,45366,885,877445,16072,14624.08,267.87,1.832,0.0,98.17
2020-07-05,Italy,Europe,60000000,38026,912,915471,16984,15257.85,283.07,1.855,0.0,98.14
2020-07-12,Italy,Europe,60000000,32969,544,948440,17528,15807.33,292.13,1.848,0.0,98.15
2020-07-19,Italy,Europe,60000000,45864,910,994304,18438,16571.73,307.3,1.854,0.0,98.15
2020-07-26,Italy,Europe,60000000,44702,566,1039006,19004,17316.77,316.73,1.829,0.0,98.17
2020-08-02,Italy,Europe,60000000,32434,610,1071440,19614,17857.33,326.9,1.831,0.0,98.17
2020-08-09,Italy,Europe,60000000,43036,475,1114476,20089,18574.6,334.82,1.803,0.0,98.2
2020-08-16,Italy,Europe,60000000,45258,712,1159734,20801,19328.9,346.68,1.794,0.0,98.21
2020-08-23,Italy,Europe,60000000,43928,976,1203662,21777,20061.03,362.95,1.809,0.0,98.19
2020-08-30,Italy,Europe,60000000,31636,263,1235298,22040,20588.3,367.33,1.784,0.0,98.22
2020-09-06,Italy,Europe,60000000,45449,834,1280747,22874,21345.78,381.23,1.786,0.0,98.21
2020-09-13,Italy,Europe,60000000,42929,955,1323676,23829,22061.27,397.15,1.8,0.0,98.2
2020-09-20,Italy,Europe,60000000,44523,1083,1368199,24912,22803.32,415.2,1.821,0.0,98.18
2020-09-27,Italy,Europe,60000000,37749,615,1405948,25527,23432.47,425.45,1.816,0.0,98.18
2020-10-04,Italy,Europe,60000000,34034,361,1439982,25888,23999.7,431.47,1.798,0.0,98.2
2020-10-11,Italy,Europe,60000000,36847,468,1476829,26356,24613.82,439.27,1.785,0.0,98.22
2020-10-18,Italy,Europe,60000000,43087,771,1519916,27127,25331.93,452.12,1.785,0.0,98.22
2020-10-25,Italy,Europe,60000000,35279,495,1555195,27622,25919.92,460.37,1.776,0.0,98.22
2020-11-01,Italy,Europe,60000000,23678,202,1578873,27824,26314.55,463.73,1.762,0.0,98.24
2020-11-08,Italy,Europe,60000000,29851,281,1608724,28105,26812.07,468.42,1.747,0.0,98.25
2020-11-15,Italy,Europe,60000000,32076,736,1640800,28841,27346.67,480.68,1.758,0.0,98.24
2020-11-22,Italy,Europe,60000000,35593,683,1676393,29524,27939.88,492.07,1.761,0.0,98.24
2020-11-29,Italy,Europe,60000000,22894,519,1699287,30043,28321.45,500.72,1.768,0.0,98.23
2020-12-06,Italy,Europe,60000000,32507,368,1731794,30411,28863.23,506.85,1.756,0.0,98.24
2020-12-13,Italy,Europe,60000000,28615,368,1760409,30779,29340.15,512.98,1.748,0.0,98.25
2020-12-20,Italy,Europe,60000000,27953,697,1788362,31476,29806.03,524.6,1.76,0.0,98.24
2020-12-27,Italy,Europe,60000000,15959,371,1804321,31847,30072.02,530.78,1.765,0.0,98.23
2021-01-03,Italy,Europe,60000000,22284,547,1826605,32394,30443.42,539.9,1.773,0.0,98.23
2021-01-10,Italy,Europe,60000000,18848,422,1845453,32816,30757.55,546.93,1.778,0.0,98.22
2021-01-17,Italy,Europe,60000000,13063,178,1858516,32994,30975.27,549.9,1.775,0.0,98.22
2021-01-24,Italy,Europe,60000000,11951,293,1870467,33287,31174.45,554.78,1.78,0.0,98.22
2021-01-31,Italy,Europe,60000000,17318,389,1887785,33676,31463.08,561.27,1.784,0.0,98.22
2021-02-07,Italy,Europe,60000000,16329,154,1904114,33830,31735.23,563.83,1.777,0.0,98.22
2021-02-14,Italy,Europe,60000000,10515,96,1914629,33926,31910.48,565.43,1.772,0.0,98.23
2021-02-21,Italy,Europe,60000000,7961,94,1922590,34020,32043.17,567.0,1.769,0.0,98.23
2021-02-28,Italy,Europe,60000000,7811,98,1930401,34118,32173.35,568.63,1.767,0.0,98.23
2021-03-07,Italy,Europe,60000000,4772,51,1935173,34169,32252.88,569.48,1.766,0.26,98.23
2021-03-14,Italy,Europe,60000000,5881,122,1941054,34291,32350.9,571.52,1.767,0.97,98.23
2021-03-21,Italy,Europe,60000000,3130,39,1944184,34330,32403.07,572.17,1.766,1.98,98.23
2021-03-28,Italy,Europe,60000000,3329,43,1947513,34373,32458.55,572.88,1.765,3.05,98.23
2021-04-04,Italy,Europe,60000000,3252,40,1950765,34413,32512.75,573.55,1.764,4.46,98.24
2021-04-11,Italy,Europe,60000000,5123,46,1955888,34459,32598.13,574.32,1.762,5.79,98.24
2021-04-18,Italy,Europe,60000000,6029,63,1961917,34522,32698.62,575.37,1.76,7.19,98.24
2021-04-25,Italy,Europe,60000000,6797,72,1968714,34594,32811.9,576.57,1.757,8.44,98.24
2021-05-02,Italy,Europe,60000000,7173,94,1975887,34688,32931.45,578.13,1.756,9.98,98.24
2021-05-09,Italy,Europe,60000000,10506,108,1986393,34796,33106.55,579.93,1.752,11.53,98.25
2021-05-16,Italy,Europe,60000000,10546,110,1996939,34906,33282.32,581.77,1.748,13.1,98.25
2021-05-23,Italy,Europe,60000000,10469,170,2007408,35076,33456.8,584.6,1.747,14.35,98.25
2021-05-30,Italy,Europe,60000000,13359,176,2020767,35252,33679.45,587.53,1.744,16.05,98.26
2021-06-06,Italy,Europe,60000000,11188,169,2031955,35421,33865.92,590.35,1.743,17.52,98.26
2021-06-13,Italy,Europe,60000000,19017,337,2050972,35758,34182.87,595.97,1.743,19.12,98.26
2021-06-20,Italy,Europe,60000000,21267,481,2072239,36239,34537.32,603.98,1.749,20.51,98.25
2021-06-27,Italy,Europe,60000000,20129,448,2092368,36687,34872.8,611.45,1.753,22.3,98.25
2021-07-04,Italy,Europe,60000000,26012,372,2118380,37059,35306.33,617.65,1.749,23.62,98.25
2021-07-11,Italy,Europe,60000000,22303,459,2140683,37518,35678.05,625.3,1.753,25.12,98.25
2021-07-18,Italy,Europe,60000000,23523,523,2164206,38041,36070.1,634.02,1.758,26.53,98.24
2021-07-25,Italy,Europe,60000000,30438,454,2194644,38495,36577.4,641.58,1.754,27.93,98.25
2021-08-01,Italy,Europe,60000000,25529,535,2220173,39030,37002.88,650.5,1.758,29.21,98.24
2021-08-08,Italy,Europe,60000000,22428,542,2242601,39572,37376.68,659.53,1.765,30.51,98.23
2021-08-15,Italy,Europe,60000000,29699,530,2272300,40102,37871.67,668.37,1.765,32.01,98.23
2021-08-22,Italy,Europe,60000000,32171,383,2304471,40485,38407.85,674.75,1.757,33.54,98.24
2021-08-29,Italy,Europe,60000000,28257,543,2332728,41028,38878.8,683.8,1.759,34.82,98.24
2021-09-05,Italy,Europe,60000000,32892,366,2365620,41394,39427.0,689.9,1.75,36.19,98.25
2021-09-12,Italy,Europe,60000000,26962,299,2392582,41693,39876.37,694.88,1.743,37.88,98.26
2021-09-19,Italy,Europe,60000000,28984,688,2421566,42381,40359.43,706.35,1.75,39.67,98.25
2021-09-26,Italy,Europe,60000000,35477,370,2457043,42751,40950.72,712.52,1.74,41.09,98.26
2021-10-03,Italy,Europe,60000000,40924,582,2497967,43333,41632.78,722.22,1.735,42.34,98.27
2021-10-10,Italy,Europe,60000000,36560,817,2534527,44150,42242.12,735.83,1.742,44.02,98.26
2021-10-17,Italy,Europe,60000000,28921,562,2563448,44712,42724.13,745.2,1.744,45.35,98.26
2021-10-24,Italy,Europe,60000000,30268,691,2593716,45403,43228.6,756.72,1.751,46.7,98.25
2021-10-31,Italy,Europe,60000000,31627,253,2625343,45656,43755.72,760.93,1.739,48.43,98.26
2021-11-07,Italy,Europe,60000000,43770,816,2669113,46472,44485.22,774.53,1.741,50.08,98.26
2021-11-14,Italy,Europe,60000000,29700,469,2698813,46941,44980.22,782.35,1.739,51.49,98.26
2021-11-21,Italy,Europe,60000000,28567,464,2727380,47405,45456.33,790.08,1.738,53.24,98.26
2021-11-28,Italy,Europe,60000000,27472,355,2754852,47760,45914.2,796.0,1.734,54.56,98.27
2021-12-05,Italy,Europe,60000000,32069,751,2786921,48511,46448.68,808.52,1.741,56.04,98.26
2021-12-12,Italy,Europe,60000000,37313,780,2824234,49291,47070.57,821.52,1.745,57.34,98.25
2021-12-19,Italy,Europe,60000000,37764,578,2861998,49869,47699.97,831.15,1.742,58.9,98.26
2021-12-26,Italy,Europe,60000000,49340,1040,2911338,50909,48522.3,848.48,1.749,60.33,98.25
2022-01-02,Italy,Europe,60000000,45234,493,2956572,51402,49276.2,856.7,1.739,61.55,98.26
2022-01-09,Italy,Europe,60000000,30919,426,2987491,51828,49791.52,863.8,1.735,63.06,98.27
2022-01-16,Italy,Europe,60000000,39878,936,3027369,52764,50456.15,879.4,1.743,64.56,98.26
2022-01-23,Italy,Europe,60000000,36986,327,3064355,53091,51072.58,884.85,1.733,65.79,98.27
2022-01-30,Italy,Europe,60000000,37676,582,3102031,53673,51700.52,894.55,1.73,67.49,98.27
2022-02-06,Italy,Europe,60000000,28745,242,3130776,53915,52179.6,898.58,1.722,68.96,98.28
2022-02-13,Italy,Europe,60000000,29972,265,3160748,54180,52679.13,903.0,1.714,70.59,98.29
2022-02-20,Italy,Europe,60000000,26845,492,3187593,54672,53126.55,911.2,1.715,71.96,98.28
2022-02-27,Italy,Europe,60000000,27642,399,3215235,55071,53587.25,917.85,1.713,73.64,98.29
2022-03-06,Italy,Europe,60000000,31518,654,3246753,55725,54112.55,928.75,1.716,74.92,98.28
2022-03-13,Italy,Europe,60000000,38371,461,3285124,56186,54752.07,936.43,1.71,76.52,98.29
2022-03-20,Italy,Europe,60000000,33472,796,3318596,56982,55309.93,949.7,1.717,77.96,98.28
2022-03-27,Italy,Europe,60000000,23214,193,3341810,57175,55696.83,952.92,1.711,79.65,98.29
2022-04-03,Italy,Europe,60000000,30976,656,3372786,57831,56213.1,963.85,1.715,80.99,98.28
2022-04-10,Italy,Europe,60000000,26869,228,3399655,58059,56660.92,967.65,1.708,82.77,98.29
2022-04-17,Italy,Europe,60000000,31573,753,3431228,58812,57187.13,980.2,1.714,84.13,98.29
2022-04-24,Italy,Europe,60000000,29563,577,3460791,59389,57679.85,989.82,1.716,85.52,98.28
2022-05-01,Italy,Europe,60000000,32281,778,3493072,60167,58217.87,1002.78,1.722,87.25,98.28
2022-05-08,Italy,Europe,60000000,29348,373,3522420,60540,58707.0,1009.0,1.719,88.62,98.28
2022-05-15,Italy,Europe,60000000,31442,257,3553862,60797,59231.03,1013.28,1.711,90.25,98.29
2022-05-22,Italy,Europe,60000000,26422,491,3580284,61288,59671.4,1021.47,1.712,92.0,98.29
2022-05-29,Italy,Europe,60000000,19872,273,3600156,61561,60002.6,1026.02,1.71,92.0,98.29
2022-06-05,Italy,Europe,60000000,21245,264,3621401,61825,60356.68,1030.42,1.707,92.0,98.29
2022-06-12,Italy,Europe,60000000,27643,660,3649044,62485,60817.4,1041.42,1.712,92.0,98.29
2022-06-19,Italy,Europe,60000000,22185,527,3671229,63012,61187.15,1050.2,1.716,92.0,98.28
2022-06-26,Italy,Europe,60000000,18884,203,3690113,63215,61501.88,1053.58,1.713,92.0,98.29
2022-07-03,Italy,Europe,60000000,20507,501,3710620,63716,61843.67,1061.93,1.717,92.0,98.28
2022-07-10,Italy,Europe,60000000,26895,327,3737515,64043,62291.92,1067.38,1.714,92.0,98.29
2022-07-17,Italy,Europe,60000000,30456,632,3767971,64675,62799.52,1077.92,1.716,92.0,98.28
2022-07-24,Italy,Europe,60000000,29952,700,3797923,65375,63298.72,1089.58,1.721,92.0,98.28
2022-07-31,Italy,Europe,60000000,33974,303,3831897,65678,63864.95,1094.63,1.714,92.0,98.29
2022-08-07,Italy,Europe,60000000,25001,482,3856898,66160,64281.63,1102.67,1.715,92.0,98.28
2022-08-14,Italy,Europe,60000000,29141,671,3886039,66831,64767.32,1113.85,1.72,92.0,98.28
2022-08-21,Italy,Europe,60000000,39419,525,3925458,67356,65424.3,1122.6,1.716,92.0,98.28
2022-08-28,Italy,Europe,60000000,27874,313,3953332,67669,65888.87,1127.82,1.712,92.0,98.29
2022-09-04,Italy,Europe,60000000,29785,455,3983117,68124,66385.28,1135.4,1.71,92.0,98.29
2022-09-11,Italy,Europe,60000000,25825,529,4008942,68653,66815.7,1144.22,1.712,92.0,98.29
2022-09-18,Italy,Europe,60000000,29637,485,4038579,69138,67309.65,1152.3,1.712,92.0,98.29
2022-09-25,Italy,Europe,60000000,36390,559,4074969,69697,67916.15,1161.62,1.71,92.0,98.29
2022-10-02,Italy,Europe,60000000,26795,463,4101764,70160,68362.73,1169.33,1.71,92.0,98.29
2022-10-09,Italy,Europe,60000000,31849,651,4133613,70811,68893.55,1180.18,1.713,92.0,98.29
2022-10-16,Italy,Europe,60000000,44590,979,4178203,71790,69636.72,1196.5,1.718,92.0,98.28
2022-10-23,Italy,Europe,60000000,38998,907,4217201,72697,70286.68,1211.62,1.724,92.0,98.28
2022-10-30,Italy,Europe,60000000,32080,262,4249281,72959,70821.35,1215.98,1.717,92.0,98.28
2022-11-06,Italy,Europe,60000000,42384,414,4291665,73373,71527.75,1222.88,1.71,92.0,98.29
2022-11-13,Italy,Europe,60000000,35162,352,4326827,73725,72113.78,1228.75,1.704,92.0,98.3
2022-11-20,Italy,Europe,60000000,29765,272,4356592,73997,72609.87,1233.28,1.699,92.0,98.3
2022-11-27,Italy,Europe,60000000,40958,350,4397550,74347,73292.5,1239.12,1.691,92.0,98.31
2022-12-04,Italy,Europe,60000000,36362,354,4433912,74701,73898.53,1245.02,1.685,92.0,98.31
2022-12-11,Italy,Europe,60000000,36899,481,4470811,75182,74513.52,1253.03,1.682,92.0,98.32
2022-12-18,Italy,Europe,60000000,41898,1035,4512709,76217,75211.82,1270.28,1.689,92.0,98.31
2022-12-25,Italy,Europe,60000000,44639,684,4557348,76901,75955.8,1281.68,1.687,92.0,98.31
2023-01-01,Italy,Europe,60000000,25128,223,4582476,77124,76374.6,1285.4,1.683,92.0,98.32
2023-01-08,Italy,Europe,60000000,33079,392,4615555,77516,76925.92,1291.93,1.679,92.0,98.32
2023-01-15,Italy,Europe,60000000,28443,506,4643998,78022,77399.97,1300.37,1.68,92.0,98.32
2023-01-22,Italy,Europe,60000000,39156,859,4683154,78881,78052.57,1314.68,1.684,92.0,98.32
2023-01-29,Italy,Europe,60000000,29247,414,4712401,79295,78540.02,1321.58,1.683,92.0,98.32
2023-02-05,Italy,Europe,60000000,28156,325,4740557,79620,79009.28,1327.0,1.68,92.0,98.32
2023-02-12,Italy,Europe,60000000,29989,485,4770546,80105,79509.1,1335.08,1.679,92.0,98.32
2023-02-19,Italy,Europe,60000000,24773,358,4795319,80463,79921.98,1341.05,1.678,92.0,98.32
2023-02-26,Italy,Europe,60000000,34437,500,4829756,80963,80495.93,1349.38,1.676,92.0,98.32
2023-03-05,Italy,Europe,60000000,24579,586,4854335,81549,80905.58,1359.15,1.68,92.0,98.32
2023-03-12,Italy,Europe,60000000,33829,663,4888164,82212,81469.4,1370.2,1.682,92.0,98.32
2023-03-19,Italy,Europe,60000000,18538,298,4906702,82510,81778.37,1375.17,1.682,92.0,98.32
2023-03-26,Italy,Europe,60000000,19622,375,4926324,82885,82105.4,1381.42,1.682,92.0,98.32
2023-04-02,Italy,Europe,60000000,24318,490,4950642,83375,82510.7,1389.58,1.684,92.0,98.32
2023-04-09,Italy,Europe,60000000,21112,210,4971754,83585,82862.57,1393.08,1.681,92.0,98.32
2023-04-16,Italy,Europe,60000000,26433,508,4998187,84093,83303.12,1401.55,1.682,92.0,98.32
2023-04-23,Italy,Europe,60000000,17891,310,5016078,84403,83601.3,1406.72,1.683,92.0,98.32
2023-04-30,Italy,Europe,60000000,21880,478,5037958,84881,83965.97,1414.68,1.685,92.0,98.31
2023-05-07,Italy,Europe,60000000,15543,191,5053501,85072,84225.02,1417.87,1.683,92.0,98.32
2023-05-14,Italy,Europe,60000000,14034,210,5067535,85282,84458.92,1421.37,1.683,92.0,98.32
2023-05-21,Italy,Europe,60000000,15207,139,5082742,85421,84712.37,1423.68,1.681,92.0,98.32
2023-05-28,Italy,Europe,60000000,10010,106,5092752,85527,84879.2,1425.45,1.679,92.0,98.32
2023-06-04,Italy,Europe,60000000,7930,119,5100682,85646,85011.37,1427.43,1.679,92.0,98.32
2023-06-11,Italy,Europe,60000000,13017,227,5113699,85873,85228.32,1431.22,1.679,92.0,98.32
2023-06-18,Italy,Europe,60000000,10260,209,5123959,86082,85399.32,1434.7,1.68,92.0,98.32
2023-06-25,Italy,Europe,60000000,8209,189,5132168,86271,85536.13,1437.85,1.681,92.0,98.32
2023-07-02,Italy,Europe,60000000,11825,222,5143993,86493,85733.22,1441.55,1.681,92.0,98.32
2023-07-09,Italy,Europe,60000000,8514,177,5152507,86670,85875.12,1444.5,1.682,92.0,98.32
2023-07-16,Italy,Europe,60000000,9515,145,5162022,86815,86033.7,1446.92,1.682,92.0,98.32
2023-07-23,Italy,Europe,60000000,9730,102,5171752,86917,86195.87,1448.62,1.681,92.0,98.32
2023-07-30,Italy,Europe,60000000,7863,175,5179615,87092,86326.92,1451.53,1.681,92.0,98.32
2023-08-06,Italy,Europe,60000000,6676,157,5186291,87249,86438.18,1454.15,1.682,92.0,98.32
2023-08-13,Italy,Europe,60000000,8098,131,5194389,87380,86573.15,1456.33,1.682,92.0,98.32
2023-08-20,Italy,Europe,60000000,6473,114,5200862,87494,86681.03,1458.23,1.682,92.0,98.32
2023-08-27,Italy,Europe,60000000,6501,82,5207363,87576,86789.38,1459.6,1.682,92.0,98.32
2023-09-03,Italy,Europe,60000000,13701,334,5221064,87910,87017.73,1465.17,1.684,92.0,98.32
2023-09-10,Italy,Europe,60000000,13978,193,5235042,88103,87250.7,1468.38,1.683,92.0,98.32
2023-09-17,Italy,Europe,60000000,16477,397,5251519,88500,87525.32,1475.0,1.685,92.0,98.31
2023-09-24,Italy,Europe,60000000,18178,227,5269697,88727,87828.28,1478.78,1.684,92.0,98.32
2023-10-01,Italy,Europe,60000000,12253,223,5281950,88950,88032.5,1482.5,1.684,92.0,98.32
2023-10-08,Italy,Europe,60000000,20799,208,5302749,89158,88379.15,1485.97,1.681,92.0,98.32
2023-10-15,Italy,Europe,60000000,16356,304,5319105,89462,88651.75,1491.03,1.682,92.0,98.32
2023-10-22,Italy,Europe,60000000,19215,332,5338320,89794,88972.0,1496.57,1.682,92.0,98.32
2023-10-29,Italy,Europe,60000000,18468,201,5356788,89995,89279.8,1499.92,1.68,92.0,98.32
2023-11-05,Italy,Europe,60000000,28432,661,5385220,90656,89753.67,1510.93,1.683,92.0,98.32
2023-11-12,Italy,Europe,60000000,24352,236,5409572,90892,90159.53,1514.87,1.68,92.0,98.32
2023-11-19,Italy,Europe,60000000,30026,547,5439598,91439,90659.97,1523.98,1.681,92.0,98.32
2023-11-26,Italy,Europe,60000000,24094,202,5463692,91641,91061.53,1527.35,1.677,92.0,98.32
2023-12-03,Italy,Europe,60000000,38455,396,5502147,92037,91702.45,1533.95,1.673,92.0,98.33
2023-12-10,Italy,Europe,60000000,38019,902,5540166,92939,92336.1,1548.98,1.678,92.0,98.32
2023-12-17,Italy,Europe,60000000,23584,204,5563750,93143,92729.17,1552.38,1.674,92.0,98.33
2023-12-24,Italy,Europe,60000000,31244,265,5594994,93408,93249.9,1556.8,1.669,92.0,98.33
2023-12-31,Italy,Europe,60000000,24337,520,5619331,93928,93655.52,1565.47,1.672,92.0,98.33
2020-01-05,Russia,Europe,144000000,14508,205,14508,205,100.75,1.42,1.413,0.0,98.59
2020-01-12,Russia,Europe,144000000,14352,116,28860,321,200.42,2.23,1.112,0.0,98.89
2020-01-19,Russia,Europe,144000000,10781,184,39641,505,275.28,3.51,1.274,0.0,98.73
2020-01-26,Russia,Europe,144000000,16045,333,55686,838,386.71,5.82,1.505,0.0,98.5
2020-02-02,Russia,Europe,144000000,12642,211,68328,1049,474.5,7.28,1.535,0.0,98.47
2020-02-09,Russia,Europe,144000000,13881,133,82209,1182,570.9,8.21,1.438,0.0,98.56
2020-02-16,Russia,Europe,144000000,16798,181,99007,1363,687.55,9.47,1.377,0.0,98.62
2020-02-23,Russia,Europe,144000000,15398,206,114405,1569,794.48,10.9,1.371,0.0,98.63
2020-03-01,Russia,Europe,144000000,16422,155,130827,1724,908.52,11.97,1.318,0.0,98.68
2020-03-08,Russia,Europe,144000000,14987,169,145814,1893,1012.6,13.15,1.298,0.0,98.7
2020-03-15,Russia,Europe,144000000,14998,279,160812,2172,1116.75,15.08,1.351,0.0,98.65
2020-03-22,Russia,Europe,144000000,18465,235,179277,2407,1244.98,16.72,1.343,0.0,98.66
2020-03-29,Russia,Europe,144000000,19573,377,198850,2784,1380.9,19.33,1.4,0.0,98.6
2020-04-05,Russia,Europe,144000000,27304,570,226154,3354,1570.51,23.29,1.483,0.0,98.52
2020-04-12,Russia,Europe,144000000,25996,422,252150,3776,1751.04,26.22,1.498,0.0,98.5
2020-04-19,Russia,Europe,144000000,26096,453,278246,4229,1932.26,29.37,1.52,0.0,98.48
2020-04-26,Russia,Europe,144000000,19786,228,298032,4457,2069.67,30.95,1.495,0.0,98.5
2020-05-03,Russia,Europe,144000000,21312,500,319344,4957,2217.67,34.42,1.552,0.0,98.45
2020-05-10,Russia,Europe,144000000,25374,519,344718,5476,2393.88,38.03,1.589,0.0,98.41
2020-05-17,Russia,Europe,144000000,22724,339,367442,5815,2551.68,40.38,1.583,0.0,98.42
2020-05-24,Russia,Europe,144000000,19651,214,387093,6029,2688.15,41.87,1.558,0.0,98.44
2020-05-31,Russia,Europe,144000000,30654,550,417747,6579,2901.02,45.69,1.575,0.0,98.42
2020-06-07,Russia,Europe,144000000,23336,505,441083,7084,3063.08,49.19,1.606,0.0,98.39
2020-06-14,Russia,Europe,144000000,22088,543,463171,7627,3216.47,52.97,1.647,0.0,98.35
2020-06-21,Russia,Europe,144000000,23761,326,486932,7953,3381.47,55.23,1.633,0.0,98.37
2020-06-28,Russia,Europe,144000000,23339,235,510271,8188,3543.55,56.86,1.605,0.0,98.39
2020-07-05,Russia,Europe,144000000,20218,384,530489,8572,3683.95,59.53,1.616,0.0,98.38
2020-07-12,Russia,Europe,144000000,32331,693,562820,9265,3908.47,64.34,1.646,0.0,98.35
2020-07-19,Russia,Europe,144000000,20688,357,583508,9622,4052.14,66.82,1.649,0.0,98.35
2020-07-26,Russia,Europe,144000000,20073,176,603581,9798,4191.53,68.04,1.623,0.0,98.38
2020-08-02,Russia,Europe,144000000,28639,489,632220,10287,4390.42,71.44,1.627,0.0,98.37
2020-08-09,Russia,Europe,144000000,19497,167,651717,10454,4525.81,72.6,1.604,0.0,98.4
2020-08-16,Russia,Europe,144000000,33407,284,685124,10738,4757.81,74.57,1.567,0.0,98.43
2020-08-23,Russia,Europe,144000000,24720,409,709844,11147,4929.47,77.41,1.57,0.0,98.43
2020-08-30,Russia,Europe,144000000,19474,211,729318,11358,5064.71,78.88,1.557,0.0,98.44
2020-09-06,Russia,Europe,144000000,22725,476,752043,11834,5222.52,82.18,1.574,0.0,98.43
2020-09-13,Russia,Europe,144000000,24668,464,776711,12298,5393.83,85.4,1.583,0.0,98.42
2020-09-20,Russia,Europe,144000000,31168,656,807879,12954,5610.27,89.96,1.603,0.0,98.4
2020-09-27,Russia,Europe,144000000,22744,354,830623,13308,5768.22,92.42,1.602,0.0,98.4
2020-10-04,Russia,Europe,144000000,24821,479,855444,13787,5940.58,95.74,1.612,0.0,98.39
2020-10-11,Russia,Europe,144000000,22633,429,878077,14216,6097.76,98.72,1.619,0.0,98.38
2020-10-18,Russia,Europe,144000000,15736,240,893813,14456,6207.03,100.39,1.617,0.0,98.38
2020-10-25,Russia,Europe,144000000,18571,189,912384,14645,6336.0,101.7,1.605,0.0,98.39
2020-11-01,Russia,Europe,144000000,15763,287,928147,14932,6445.47,103.69,1.609,0.0,98.39
2020-11-08,Russia,Europe,144000000,20332,250,948479,15182,6586.66,105.43,1.601,0.0,98.4
2020-11-15,Russia,Europe,144000000,18977,310,967456,15492,6718.44,107.58,1.601,0.0,98.4
2020-11-22,Russia,Europe,144000000,15151,289,982607,15781,6823.66,109.59,1.606,0.0,98.39
2020-11-29,Russia,Europe,144000000,20733,444,1003340,16225,6967.64,112.67,1.617,0.0,98.38
2020-12-06,Russia,Europe,144000000,17950,299,1021290,16524,7092.29,114.75,1.618,0.0,98.38
2020-12-13,Russia,Europe,144000000,11821,152,1033111,16676,7174.38,115.81,1.614,0.0,98.39
2020-12-20,Russia,Europe,144000000,11458,279,1044569,16955,7253.95,117.74,1.623,0.0,98.38
2020-12-27,Russia,Europe,144000000,11123,117,1055692,17072,7331.19,118.56,1.617,0.0,98.38
2021-01-03,Russia,Europe,144000000,16408,394,1072100,17466,7445.14,121.29,1.629,0.0,98.37
2021-01-10,Russia,Europe,144000000,14302,115,1086402,17581,7544.46,122.09,1.618,0.0,98.38
2021-01-17,Russia,Europe,144000000,7954,114,1094356,17695,7599.69,122.88,1.617,0.0,98.38
2021-01-24,Russia,Europe,144000000,8131,67,1102487,17762,7656.16,123.35,1.611,0.0,98.39
2021-01-31,Russia,Europe,144000000,9122,219,1111609,17981,7719.51,124.87,1.618,0.0,98.38
2021-02-07,Russia,Europe,144000000,7409,142,1119018,18123,7770.96,125.85,1.62,0.0,98.38
2021-02-14,Russia,Europe,144000000,7895,96,1126913,18219,7825.78,126.52,1.617,0.0,98.38
2021-02-21,Russia,Europe,144000000,6728,78,1133641,18297,7872.51,127.06,1.614,0.0,98.39
2021-02-28,Russia,Europe,144000000,3943,78,1137584,18375,7899.89,127.6,1.615,0.0,98.39
2021-03-07,Russia,Europe,144000000,3087,77,1140671,18452,7921.33,128.14,1.618,0.26,98.38
2021-03-14,Russia,Europe,144000000,3100,46,1143771,18498,7942.85,128.46,1.617,0.77,98.38
2021-03-21,Russia,Europe,144000000,1491,27,1145262,18525,7953.21,128.65,1.618,1.78,98.38
2021-03-28,Russia,Europe,144000000,2870,46,1148132,18571,7973.14,128.97,1.617,3.12,98.38
2021-04-04,Russia,Europe,144000000,2957,60,1151089,18631,7993.67,129.38,1.619,4.61,98.38
2021-04-11,Russia,Europe,144000000,3210,69,1154299,18700,8015.97,129.86,1.62,6.05,98.38
2021-04-18,Russia,Europe,144000000,3857,69,1158156,18769,8042.75,130.34,1.621,7.35,98.38
2021-04-25,Russia,Europe,144000000,2554,36,1160710,18805,8060.49,130.59,1.62,8.88,98.38
2021-05-02,Russia,Europe,144000000,5584,56,1166294,18861,8099.26,130.98,1.617,10.56,98.38
2021-05-09,Russia,Europe,144000000,6933,73,1173227,18934,8147.41,131.49,1.614,12.27,98.39
2021-05-16,Russia,Europe,144000000,8721,177,1181948,19111,8207.97,132.72,1.617,13.94,98.38
2021-05-23,Russia,Europe,144000000,10064,184,1192012,19295,8277.86,133.99,1.619,15.32,98.38
2021-05-30,Russia,Europe,144000000,10549,194,1202561,19489,8351.12,135.34,1.621,16.87,98.38
2021-06-06,Russia,Europe,144000000,8320,173,1210881,19662,8408.9,136.54,1.624,18.12,98.38
2021-06-13,Russia,Europe,144000000,13468,182,1224349,19844,8502.42,137.81,1.621,19.4,98.38
2021-06-20,Russia,Europe,144000000,11280,98,1235629,19942,8580.76,138.49,1.614,21.01,98.39
2021-06-27,Russia,Europe,144000000,15656,348,1251285,20290,8689.48,140.9,1.622,22.29,98.38
2021-07-04,Russia,Europe,144000000,10480,228,1261765,20518,8762.26,142.49,1.626,24.04,98.37
2021-07-11,Russia,Europe,144000000,14042,231,1275807,20749,8859.77,144.09,1.626,25.43,98.37
2021-07-18,Russia,Europe,144000000,18827,357,1294634,21106,8990.51,146.57,1.63,26.8,98.37
2021-07-25,Russia,Europe,144000000,14103,326,1308737,21432,9088.45,148.83,1.638,28.01,98.36
2021-08-01,Russia,Europe,144000000,15032,261,1323769,21693,9192.84,150.65,1.639,29.3,98.36
2021-08-08,Russia,Europe,144000000,13270,290,1337039,21983,9284.99,152.66,1.644,31.04,98.36
2021-08-15,Russia,Europe,144000000,21836,508,1358875,22491,9436.63,156.19,1.655,32.57,98.34
2021-08-22,Russia,Europe,144000000,22519,327,1381394,22818,9593.01,158.46,1.652,34.17,98.35
2021-08-29,Russia,Europe,144000000,25360,300,1406754,23118,9769.12,160.54,1.643,35.6,98.36
2021-09-05,Russia,Europe,144000000,19973,206,1426727,23324,9907.83,161.97,1.635,36.85,98.36
2021-09-12,Russia,Europe,144000000,24894,612,1451621,23936,10080.7,166.22,1.649,38.3,98.35
2021-09-19,Russia,Europe,144000000,16038,146,1467659,24082,10192.08,167.24,1.641,40.03,98.36
2021-09-26,Russia,Europe,144000000,21325,286,1488984,24368,10340.17,169.22,1.637,41.52,98.36
2021-10-03,Russia,Europe,144000000,19821,323,1508805,24691,10477.81,171.47,1.636,43.23,98.36
2021-10-10,Russia,Europe,144000000,23907,473,1532712,25164,10643.83,174.75,1.642,44.65,98.36
2021-10-17,Russia,Europe,144000000,26311,508,1559023,25672,10826.55,178.28,1.647,45.92,98.35
2021-10-24,Russia,Europe,144000000,24357,301,1583380,25973,10995.69,180.37,1.64,47.6,98.36
2021-10-31,Russia,Europe,144000000,22570,562,1605950,26535,11152.43,184.27,1.652,48.86,98.35
2021-11-07,Russia,Europe,144000000,27869,542,1633819,27077,11345.97,188.03,1.657,50.52,98.34
2021-11-14,Russia,Europe,144000000,21273,348,1655092,27425,11493.69,190.45,1.657,52.2,98.34
2021-11-21,Russia,Europe,144000000,20318,240,1675410,27665,11634.79,192.12,1.651,53.73,98.35
2021-11-28,Russia,Europe,144000000,24655,315,1700065,27980,11806.01,194.31,1.646,55.11,98.35
2021-12-05,Russia,Europe,144000000,21128,446,1721193,28426,11952.73,197.4,1.652,56.7,98.35
2021-12-12,Russia,Europe,144000000,29268,719,1750461,29145,12155.98,202.4,1.665,58.18,98.33
2021-12-19,Russia,Europe,144000000,18043,159,1768504,29304,12281.28,203.5,1.657,59.56,98.34
2021-12-26,Russia,Europe,144000000,30635,517,1799139,29821,12494.02,207.09,1.658,60.92,98.34
2022-01-02,Russia,Europe,144000000,22756,413,1821895,30234,12652.05,209.96,1.659,62.52,98.34
2022-01-09,Russia,Europe,144000000,19080,469,1840975,30703,12784.55,213.22,1.668,64.04,98.33
2022-01-16,Russia,Europe,144000000,18675,433,1859650,31136,12914.24,216.22,1.674,65.29,98.33
2022-01-23,Russia,Europe,144000000,29472,735,1889122,31871,13118.9,221.33,1.687,66.91,98.31
2022-01-30,Russia,Europe,144000000,27221,373,1916343,32244,13307.94,223.92,1.683,68.67,98.32
2022-02-06,Russia,Europe,144000000,23538,481,1939881,32725,13471.4,227.26,1.687,70.43,98.31
2022-02-13,Russia,Europe,144000000,29292,649,1969173,33374,13674.81,231.76,1.695,71.81,98.31
2022-02-20,Russia,Europe,144000000,28705,536,1997878,33910,13874.15,235.49,1.697,73.57,98.3
2022-02-27,Russia,Europe,144000000,24353,322,2022231,34232,14043.27,237.72,1.693,74.99,98.31
2022-03-06,Russia,Europe,144000000,22246,476,2044477,34708,14197.76,241.03,1.698,76.38,98.3
2022-03-13,Russia,Europe,144000000,22138,307,2066615,35015,14351.49,243.16,1.694,78.07,98.31
2022-03-20,Russia,Europe,144000000,20220,188,2086835,35203,14491.91,244.47,1.687,79.37,98.31
2022-03-27,Russia,Europe,144000000,14813,244,2101648,35447,14594.78,246.16,1.687,80.63,98.31
2022-04-03,Russia,Europe,144000000,15029,360,2116677,35807,14699.15,248.66,1.692,82.36,98.31
2022-04-10,Russia,Europe,144000000,18434,456,2135111,36263,14827.16,251.83,1.698,83.56,98.3
2022-04-17,Russia,Europe,144000000,19635,362,2154746,36625,14963.51,254.34,1.7,85.03,98.3
2022-04-24,Russia,Europe,144000000,16657,262,2171403,36887,15079.19,256.16,1.699,86.48,98.3
2022-05-01,Russia,Europe,144000000,19476,200,2190879,37087,15214.44,257.55,1.693,87.8,98.31
2022-05-08,Russia,Europe,144000000,13293,165,2204172,37252,15306.75,258.69,1.69,89.31,98.31
2022-05-15,Russia,Europe,144000000,12086,275,2216258,37527,15390.68,260.6,1.693,90.69,98.31
2022-05-22,Russia,Europe,144000000,12014,234,2228272,37761,15474.11,262.23,1.695,91.92,98.31
2022-05-29,Russia,Europe,144000000,15386,305,2243658,38066,15580.96,264.35,1.697,92.0,98.3
2022-06-05,Russia,Europe,144000000,10222,144,2253880,38210,15651.94,265.35,1.695,92.0,98.31
2022-06-12,Russia,Europe,144000000,11356,139,2265236,38349,15730.81,266.31,1.693,92.0,98.31
2022-06-19,Russia,Europe,144000000,15668,306,2280904,38655,15839.61,268.44,1.695,92.0,98.31
2022-06-26,Russia,Europe,144000000,12638,138,2293542,38793,15927.38,269.4,1.691,92.0,98.31
2022-07-03,Russia,Europe,144000000,17208,392,2310750,39185,16046.87,272.12,1.696,92.0,98.3
2022-07-10,Russia,Europe,144000000,18398,310,2329148,39495,16174.64,274.27,1.696,92.0,98.3
2022-07-17,Russia,Europe,144000000,17465,288,2346613,39783,16295.92,276.27,1.695,92.0,98.31
2022-07-24,Russia,Europe,144000000,16299,349,2362912,40132,16409.11,278.69,1.698,92.0,98.3
2022-07-31,Russia,Europe,144000000,17272,228,2380184,40360,16529.06,280.28,1.696,92.0,98.3
2022-08-07,Russia,Europe,144000000,21432,289,2401616,40649,16677.89,282.28,1.693,92.0,98.31
2022-08-14,Russia,Europe,144000000,17758,261,2419374,40910,16801.21,284.1,1.691,92.0,98.31
2022-08-21,Russia,Europe,144000000,23949,382,2443323,41292,16967.52,286.75,1.69,92.0,98.31
2022-08-28,Russia,Europe,144000000,26849,219,2470172,41511,17153.97,288.27,1.68,92.0,98.32
2022-09-04,Russia,Europe,144000000,16643,355,2486815,41866,17269.55,290.74,1.684,92.0,98.32
2022-09-11,Russia,Europe,144000000,19401,443,2506216,42309,17404.28,293.81,1.688,92.0,98.31
2022-09-18,Russia,Europe,144000000,18189,320,2524405,42629,17530.59,296.03,1.689,92.0,98.31
2022-09-25,Russia,Europe,144000000,23505,197,2547910,42826,17693.82,297.4,1.681,92.0,98.32
2022-10-02,Russia,Europe,144000000,17308,194,2565218,43020,17814.01,298.75,1.677,92.0,98.32
2022-10-09,Russia,Europe,144000000,25920,606,2591138,43626,17994.01,302.96,1.684,92.0,98.32
2022-10-16,Russia,Europe,144000000,18566,287,2609704,43913,18122.94,304.95,1.683,92.0,98.32
2022-10-23,Russia,Europe,144000000,19608,324,2629312,44237,18259.11,307.2,1.682,92.0,98.32
2022-10-30,Russia,Europe,144000000,19059,455,2648371,44692,18391.47,310.36,1.688,92.0,98.31
2022-11-06,Russia,Europe,144000000,22248,183,2670619,44875,18545.97,311.63,1.68,92.0,98.32
2022-11-13,Russia,Europe,144000000,28087,303,2698706,45178,18741.01,313.74,1.674,92.0,98.33
2022-11-20,Russia,Europe,144000000,16305,263,2715011,45441,18854.24,315.56,1.674,92.0,98.33
2022-11-27,Russia,Europe,144000000,27355,602,2742366,46043,19044.21,319.74,1.679,92.0,98.32
2022-12-04,Russia,Europe,144000000,19884,442,2762250,46485,19182.29,322.81,1.683,92.0,98.32
2022-12-11,Russia,Europe,144000000,20996,391,2783246,46876,19328.1,325.53,1.684,92.0,98.32
2022-12-18,Russia,Europe,144000000,17707,365,2800953,47241,19451.06,328.06,1.687,92.0,98.31
2022-12-25,Russia,Europe,144000000,23624,343,2824577,47584,19615.12,330.44,1.685,92.0,98.31
2023-01-01,Russia,Europe,144000000,28034,645,2852611,48229,19809.8,334.92,1.691,92.0,98.31
2023-01-08,Russia,Europe,144000000,17753,285,2870364,48514,19933.08,336.9,1.69,92.0,98.31
2023-01-15,Russia,Europe,144000000,15309,266,2885673,48780,20039.4,338.75,1.69,92.0,98.31
2023-01-22,Russia,Europe,144000000,27244,311,2912917,49091,20228.59,340.91,1.685,92.0,98.31
2023-01-29,Russia,Europe,144000000,15809,373,2928726,49464,20338.38,343.5,1.689,92.0,98.31
2023-02-05,Russia,Europe,144000000,24004,560,2952730,50024,20505.07,347.39,1.694,92.0,98.31
2023-02-12,Russia,Europe,144000000,19032,259,2971762,50283,20637.24,349.19,1.692,92.0,98.31
2023-02-19,Russia,Europe,144000000,18538,290,2990300,50573,20765.97,351.2,1.691,92.0,98.31
2023-02-26,Russia,Europe,144000000,23843,513,3014143,51086,20931.55,354.76,1.695,92.0,98.31
2023-03-05,Russia,Europe,144000000,19790,214,3033933,51300,21068.98,356.25,1.691,92.0,98.31
2023-03-12,Russia,Europe,144000000,19167,390,3053100,51690,21202.08,358.96,1.693,92.0,98.31
2023-03-19,Russia,Europe,144000000,20746,198,3073846,51888,21346.15,360.33,1.688,92.0,98.31
2023-03-26,Russia,Europe,144000000,17412,189,3091258,52077,21467.07,361.65,1.685,92.0,98.31
2023-04-02,Russia,Europe,144000000,13499,283,3104757,52360,21560.81,363.61,1.686,92.0,98.31
2023-04-09,Russia,Europe,144000000,15536,277,3120293,52637,21668.7,365.53,1.687,92.0,98.31
2023-04-16,Russia,Europe,144000000,17339,150,3137632,52787,21789.11,366.58,1.682,92.0,98.32
2023-04-23,Russia,Europe,144000000,12934,315,3150566,53102,21878.93,368.76,1.685,92.0,98.31
2023-04-30,Russia,Europe,144000000,11613,126,3162179,53228,21959.58,369.64,1.683,92.0,98.32
2023-05-07,Russia,Europe,144000000,11537,133,3173716,53361,22039.69,370.56,1.681,92.0,98.32
2023-05-14,Russia,Europe,144000000,7558,103,3181274,53464,22092.18,371.28,1.681,92.0,98.32
2023-05-21,Russia,Europe,144000000,8562,159,3189836,53623,22151.64,372.38,1.681,92.0,98.32
2023-05-28,Russia,Europe,144000000,9562,129,3199398,53752,22218.04,373.28,1.68,92.0,98.32
2023-06-04,Russia,Europe,144000000,8947,182,3208345,53934,22280.17,374.54,1.681,92.0,98.32
2023-06-11,Russia,Europe,144000000,7326,150,3215671,54084,22331.05,375.58,1.682,92.0,98.32
2023-06-18,Russia,Europe,144000000,4660,52,3220331,54136,22363.41,375.94,1.681,92.0,98.32
2023-06-25,Russia,Europe,144000000,5458,111,3225789,54247,22401.31,376.72,1.682,92.0,98.32
2023-07-02,Russia,Europe,144000000,6141,56,3231930,54303,22443.96,377.1,1.68,92.0,98.32
2023-07-09,Russia,Europe,144000000,7380,170,3239310,54473,22495.21,378.28,1.682,92.0,98.32
2023-07-16,Russia,Europe,144000000,5376,104,3244686,54577,22532.54,379.01,1.682,92.0,98.32
2023-07-23,Russia,Europe,144000000,5433,48,3250119,54625,22570.27,379.34,1.681,92.0,98.32
2023-07-30,Russia,Europe,144000000,5712,142,3255831,54767,22609.94,380.33,1.682,92.0,98.32
2023-08-06,Russia,Europe,144000000,5249,93,3261080,54860,22646.39,380.97,1.682,92.0,98.32
2023-08-13,Russia,Europe,144000000,3339,49,3264419,54909,22669.58,381.31,1.682,92.0,98.32
2023-08-20,Russia,Europe,144000000,4131,84,3268550,54993,22698.26,381.9,1.682,92.0,98.32
2023-08-27,Russia,Europe,144000000,6064,145,3274614,55138,22740.38,382.9,1.684,92.0,98.32
2023-09-03,Russia,Europe,144000000,5772,110,3280386,55248,22780.46,383.67,1.684,92.0,98.32
2023-09-10,Russia,Europe,144000000,7002,82,3287388,55330,22829.08,384.24,1.683,92.0,98.32
2023-09-17,Russia,Europe,144000000,10675,131,3298063,55461,22903.22,385.15,1.682,92.0,98.32
2023-09-24,Russia,Europe,144000000,7227,143,3305290,55604,22953.4,386.14,1.682,92.0,98.32
2023-10-01,Russia,Europe,144000000,12585,188,3317875,55792,23040.8,387.44,1.682,92.0,98.32
2023-10-08,Russia,Europe,144000000,12070,123,3329945,55915,23124.62,388.3,1.679,92.0,98.32
2023-10-15,Russia,Europe,144000000,11538,271,3341483,56186,23204.74,390.18,1.681,92.0,98.32
2023-10-22,Russia,Europe,144000000,15543,172,3357026,56358,23312.68,391.38,1.679,92.0,98.32
2023-10-29,Russia,Europe,144000000,14110,330,3371136,56688,23410.67,393.67,1.682,92.0,98.32
2023-11-05,Russia,Europe,144000000,11911,159,3383047,56847,23493.38,394.77,1.68,92.0,98.32
2023-11-12,Russia,Europe,144000000,12957,230,3396004,57077,23583.36,396.37,1.681,92.0,98.32
2023-11-19,Russia,Europe,144000000,12601,253,3408605,57330,23670.87,398.12,1.682,92.0,98.32
2023-11-26,Russia,Europe,144000000,14242,175,3422847,57505,23769.77,399.34,1.68,92.0,98.32
2023-12-03,Russia,Europe,144000000,16594,272,3439441,57777,23885.01,401.23,1.68,92.0,98.32
2023-12-10,Russia,Europe,144000000,21004,280,3460445,58057,24030.87,403.17,1.678,92.0,98.32
2023-12-17,Russia,Europe,144000000,24517,451,3484962,58508,24201.12,406.31,1.679,92.0,98.32
2023-12-24,Russia,Europe,144000000,18258,247,3503220,58755,24327.92,408.02,1.677,92.0,98.32
2023-12-31,Russia,Europe,144000000,17841,382,3521061,59137,24451.81,410.67,1.68,92.0,98.32
2020-01-05,South Africa,Africa,60000000,22384,204,22384,204,373.07,3.4,0.911,0.0,99.09
2020-01-12,South Africa,Africa,60000000,27105,298,49489,502,824.82,8.37,1.014,0.0,98.99
2020-01-19,South Africa,Africa,60000000,27159,574,76648,1076,1277.47,17.93,1.404,0.0,98.6
2020-01-26,South Africa,Africa,60000000,28535,509,105183,1585,1753.05,26.42,1.507,0.0,98.49
2020-02-02,South Africa,Africa,60000000,18833,266,124016,1851,2066.93,30.85,1.493,0.0,98.51
2020-02-09,South Africa,Africa,60000000,29590,431,153606,2282,2560.1,38.03,1.486,0.0,98.51
2020-02-16,South Africa,Africa,60000000,35414,469,189020,2751,3150.33,45.85,1.455,0.0,98.55
2020-02-23,South Africa,Africa,60000000,26523,332,215543,3083,3592.38,51.38,1.43,0.0,98.57
2020-03-01,South Africa,Africa,60000000,28281,494,243824,3577,4063.73,59.62,1.467,0.0,98.53
2020-03-08,South Africa,Africa,60000000,36600,705,280424,4282,4673.73,71.37,1.527,0.0,98.47
2020-03-15,South Africa,Africa,60000000,39844,918,320268,5200,5337.8,86.67,1.624,0.0,98.38
2020-03-22,South Africa,Africa,60000000,41240,343,361508,5543,6025.13,92.38,1.533,0.0,98.47
2020-03-29,South Africa,Africa,60000000,40696,469,402204,6012,6703.4,100.2,1.495,0.0,98.5
2020-04-05,South Africa,Africa,60000000,28525,537,430729,6549,7178.82,109.15,1.52,0.0,98.48
2020-04-12,South Africa,Africa,60000000,33411,299,464140,6848,7735.67,114.13,1.475,0.0,98.53
2020-04-19,South Africa,Africa,60000000,29962,240,494102,7088,8235.03,118.13,1.435,0.0,98.56
2020-04-26,South Africa,Africa,60000000,48503,408,542605,7496,9043.42,124.93,1.381,0.0,98.62
2020-05-03,South Africa,Africa,60000000,32830,494,575435,7990,9590.58,133.17,1.389,0.0,98.61
2020-05-10,South Africa,Africa,60000000,36931,867,612366,8857,10206.1,147.62,1.446,0.0,98.55
2020-05-17,South Africa,Africa,60000000,29685,495,642051,9352,10700.85,155.87,1.457,0.0,98.54
2020-05-24,South Africa,Africa,60000000,46006,1096,688057,10448,11467.62,174.13,1.518,0.0,98.48
2020-05-31,South Africa,Africa,60000000,44994,974,733051,11422,12217.52,190.37,1.558,0.0,98.44
2020-06-07,South Africa,Africa,60000000,31771,462,764822,11884,12747.03,198.07,1.554,0.0,98.45
2020-06-14,South Africa,Africa,60000000,39438,909,804260,12793,13404.33,213.22,1.591,0.0,98.41
2020-06-21,South Africa,Africa,60000000,33935,359,838195,13152,13969.92,219.2,1.569,0.0,98.43
2020-06-28,South Africa,Africa,60000000,38654,345,876849,13497,14614.15,224.95,1.539,0.0,98.46
2020-07-05,South Africa,Africa,60000000,34962,853,911811,14350,15196.85,239.17,1.574,0.0,98.43
2020-07-12,South Africa,Africa,60000000,41360,775,953171,15125,15886.18,252.08,1.587,0.0,98.41
2020-07-19,South Africa,Africa,60000000,49040,698,1002211,15823,16703.52,263.72,1.579,0.0,98.42
2020-07-26,South Africa,Africa,60000000,33952,390,1036163,16213,17269.38,270.22,1.565,0.0,98.44
2020-08-02,South Africa,Africa,60000000,38076,716,1074239,16929,17903.98,282.15,1.576,0.0,98.42
2020-08-09,South Africa,Africa,60000000,40019,324,1114258,17253,18570.97,287.55,1.548,0.0,98.45
2020-08-16,South Africa,Africa,60000000,42881,1014,1157139,18267,19285.65,304.45,1.579,0.0,98.42
2020-08-23,South Africa,Africa,60000000,49723,1095,1206862,19362,20114.37,322.7,1.604,0.0,98.4
2020-08-30,South Africa,Africa,60000000,48731,658,1255593,20020,20926.55,333.67,1.594,0.0,98.41
2020-09-06,South Africa,Africa,60000000,47351,494,1302944,20514,21715.73,341.9,1.574,0.0,98.43
2020-09-13,South Africa,Africa,60000000,44036,832,1346980,21346,22449.67,355.77,1.585,0.0,98.42
2020-09-20,South Africa,Africa,60000000,28283,605,1375263,21951,22921.05,365.85,1.596,0.0,98.4
2020-09-27,South Africa,Africa,60000000,48158,604,1423421,22555,23723.68,375.92,1.585,0.0,98.42
2020-10-04,South Africa,Africa,60000000,45060,423,1468481,22978,24474.68,382.97,1.565,0.0,98.44
2020-10-11,South Africa,Africa,60000000,39274,638,1507755,23616,25129.25,393.6,1.566,0.0,98.43
2020-10-18,South Africa,Africa,60000000,37085,880,1544840,24496,25747.33,408.27,1.586,0.0,98.41
2020-10-25,South Africa,Africa,60000000,42879,915,1587719,25411,26461.98,423.52,1.6,0.0,98.4
2020-11-01,South Africa,Africa,60000000,29367,690,1617086,26101,26951.43,435.02,1.614,0.0,98.39
2020-11-08,South Africa,Africa,60000000,24905,560,1641991,26661,27366.52,444.35,1.624,0.0,98.38
2020-11-15,South Africa,Africa,60000000,28370,252,1670361,26913,27839.35,448.55,1.611,0.0,98.39
2020-11-22,South Africa,Africa,60000000,33458,399,1703819,27312,28396.98,455.2,1.603,0.0,98.4
2020-11-29,South Africa,Africa,60000000,24588,324,1728407,27636,28806.78,460.6,1.599,0.0,98.4
2020-12-06,South Africa,Africa,60000000,20445,225,1748852,27861,29147.53,464.35,1.593,0.0,98.41
2020-12-13,South Africa,Africa,60000000,18479,287,1767331,28148,29455.52,469.13,1.593,0.0,98.41
2020-12-20,South Africa,Africa,60000000,18632,365,1785963,28513,29766.05,475.22,1.597,0.0,98.4
2020-12-27,South Africa,Africa,60000000,19624,471,1805587,28984,30093.12,483.07,1.605,0.0,98.39
2021-01-03,South Africa,Africa,60000000,26634,344,1832221,29328,30537.02,488.8,1.601,0.0,98.4
2021-01-10,South Africa,Africa,60000000,23635,511,1855856,29839,30930.93,497.32,1.608,0.0,98.39
2021-01-17,South Africa,Africa,60000000,24015,436,1879871,30275,31331.18,504.58,1.61,0.0,98.39
2021-01-24,South Africa,Africa,60000000,12693,241,1892564,30516,31542.73,508.6,1.612,0.0,98.39
2021-01-31,South Africa,Africa,60000000,16414,309,1908978,30825,31816.3,513.75,1.615,0.0,98.39
2021-02-07,South Africa,Africa,60000000,11999,271,1920977,31096,32016.28,518.27,1.619,0.0,98.38
2021-02-14,South Africa,Africa,60000000,15114,176,1936091,31272,32268.18,521.2,1.615,0.0,98.39
2021-02-21,South Africa,Africa,60000000,7610,86,1943701,31358,32395.02,522.63,1.613,0.0,98.39
2021-02-28,South Africa,Africa,60000000,9958,194,1953659,31552,32560.98,525.87,1.615,0.0,98.39
2021-03-07,South Africa,Africa,60000000,7121,105,1960780,31657,32679.67,527.62,1.615,0.31,98.39
2021-03-14,South Africa,Africa,60000000,4252,68,1965032,31725,32750.53,528.75,1.614,0.98,98.39
2021-03-21,South Africa,Africa,60000000,4391,104,1969423,31829,32823.72,530.48,1.616,2.04,98.38
2021-03-28,South Africa,Africa,60000000,3671,58,1973094,31887,32884.9,531.45,1.616,3.33,98.38
2021-04-04,South Africa,Africa,60000000,5499,57,1978593,31944,32976.55,532.4,1.614,4.72,98.39
2021-04-11,South Africa,Africa,60000000,3814,70,1982407,32014,33040.12,533.57,1.615,6.1,98.39
2021-04-18,South Africa,Africa,60000000,4780,44,1987187,32058,33119.78,534.3,1.613,7.51,98.39
2021-04-25,South Africa,Africa,60000000,7125,85,1994312,32143,33238.53,535.72,1.612,9.13,98.39
2021-05-02,South Africa,Africa,60000000,8188,185,2002500,32328,33375.0,538.8,1.614,10.41,98.39
2021-05-09,South Africa,Africa,60000000,11996,214,2014496,32542,33574.93,542.37,1.615,12.2,98.39
2021-05-16,South Africa,Africa,60000000,13754,161,2028250,32703,33804.17,545.05,1.612,13.44,98.39
2021-05-23,South Africa,Africa,60000000,10848,184,2039098,32887,33984.97,548.12,1.613,14.74,98.39
2021-05-30,South Africa,Africa,60000000,11500,182,2050598,33069,34176.63,551.15,1.613,15.96,98.39
2021-06-06,South Africa,Africa,60000000,12363,186,2062961,33255,34382.68,554.25,1.612,17.2,98.39
2021-06-13,South Africa,Africa,60000000,16493,264,2079454,33519,34657.57,558.65,1.612,18.67,98.39
2021-06-20,South Africa,Africa,60000000,23375,397,2102829,33916,35047.15,565.27,1.613,20.15,98.39
2021-06-27,South Africa,Africa,60000000,19545,428,2122374,34344,35372.9,572.4,1.618,21.89,98.38
2021-07-04,South Africa,Africa,60000000,26814,521,2149188,34865,35819.8,581.08,1.622,23.17,98.38
2021-07-11,South Africa,Africa,60000000,20401,179,2169589,35044,36159.82,584.07,1.615,24.93,98.39
2021-07-18,South Africa,Africa,60000000,27342,565,2196931,35609,36615.52,593.48,1.621,26.32,98.38
2021-07-25,South Africa,Africa,60000000,31717,393,2228648,36002,37144.13,600.03,1.615,27.52,98.39
2021-08-01,South Africa,Africa,60000000,25507,451,2254155,36453,37569.25,607.55,1.617,29.0,98.38
2021-08-08,South Africa,Africa,60000000,35029,343,2289184,36796,38153.07,613.27,1.607,30.54,98.39
2021-08-15,South Africa,Africa,60000000,30182,385,2319366,37181,38656.1,619.68,1.603,32.23,98.4
2021-08-22,South Africa,Africa,60000000,35774,731,2355140,37912,39252.33,631.87,1.61,33.96,98.39
2021-08-29,South Africa,Africa,60000000,36408,434,2391548,38346,39859.13,639.1,1.603,35.58,98.4
2021-09-05,South Africa,Africa,60000000,29288,354,2420836,38700,40347.27,645.0,1.599,36.82,98.4
2021-09-12,South Africa,Africa,60000000,39021,783,2459857,39483,40997.62,658.05,1.605,38.16,98.39
2021-09-19,South Africa,Africa,60000000,40125,947,2499982,40430,41666.37,673.83,1.617,39.43,98.38
2021-09-26,South Africa,Africa,60000000,29974,622,2529956,41052,42165.93,684.2,1.623,40.79,98.38
2021-10-03,South Africa,Africa,60000000,39160,367,2569116,41419,42818.6,690.32,1.612,42.26,98.39
2021-10-10,South Africa,Africa,60000000,42422,834,2611538,42253,43525.63,704.22,1.618,43.95,98.38
2021-10-17,South Africa,Africa,60000000,46234,977,2657772,43230,44296.2,720.5,1.627,45.56,98.37
2021-10-24,South Africa,Africa,60000000,27485,469,2685257,43699,44754.28,728.32,1.627,46.78,98.37
2021-10-31,South Africa,Africa,60000000,45833,616,2731090,44315,45518.17,738.58,1.623,48.32,98.38
2021-11-07,South Africa,Africa,60000000,33901,722,2764991,45037,46083.18,750.62,1.629,50.05,98.37
2021-11-14,South Africa,Africa,60000000,36994,838,2801985,45875,46699.75,764.58,1.637,51.41,98.36
2021-11-21,South Africa,Africa,60000000,40462,914,2842447,46789,47374.12,779.82,1.646,52.8,98.35
2021-11-28,South Africa,Africa,60000000,50663,510,2893110,47299,48218.5,788.32,1.635,54.01,98.36
2021-12-05,South Africa,Africa,60000000,49605,454,2942715,47753,49045.25,795.88,1.623,55.81,98.38
2021-12-12,South Africa,Africa,60000000,50787,524,2993502,48277,49891.7,804.62,1.613,57.33,98.39
2021-12-19,South Africa,Africa,60000000,32384,494,3025886,48771,50431.43,812.85,1.612,58.57,98.39
2021-12-26,South Africa,Africa,60000000,33237,471,3059123,49242,50985.38,820.7,1.61,60.03,98.39
2022-01-02,South Africa,Africa,60000000,51036,1109,3110159,50351,51835.98,839.18,1.619,61.67,98.38
2022-01-09,South Africa,Africa,60000000,40315,898,3150474,51249,52507.9,854.15,1.627,63.08,98.37
2022-01-16,South Africa,Africa,60000000,44048,1096,3194522,52345,53242.03,872.42,1.639,64.47,98.36
2022-01-23,South Africa,Africa,60000000,42831,957,3237353,53302,53955.88,888.37,1.646,66.22,98.35
2022-01-30,South Africa,Africa,60000000,43374,556,3280727,53858,54678.78,897.63,1.642,67.61,98.36
2022-02-06,South Africa,Africa,60000000,26984,564,3307711,54422,55128.52,907.03,1.645,68.84,98.36
2022-02-13,South Africa,Africa,60000000,45499,455,3353210,54877,55886.83,914.62,1.637,70.14,98.36
2022-02-20,South Africa,Africa,60000000,36213,743,3389423,55620,56490.38,927.0,1.641,71.42,98.36
2022-02-27,South Africa,Africa,60000000,34777,563,3424200,56183,57070.0,936.38,1.641,72.75,98.36
2022-03-06,South Africa,Africa,60000000,27206,604,3451406,56787,57523.43,946.45,1.645,74.25,98.36
2022-03-13,South Africa,Africa,60000000,24520,530,3475926,57317,57932.1,955.28,1.649,76.04,98.35
2022-03-20,South Africa,Africa,60000000,35939,595,3511865,57912,58531.08,965.2,1.649,77.77,98.35
2022-03-27,South Africa,Africa,60000000,41874,872,3553739,58784,59228.98,979.73,1.654,79.24,98.35
2022-04-03,South Africa,Africa,60000000,33802,673,3587541,59457,59792.35,990.95,1.657,80.55,98.34
2022-04-10,South Africa,Africa,60000000,30100,665,3617641,60122,60294.02,1002.03,1.662,82.15,98.34
2022-04-17,South Africa,Africa,60000000,28496,549,3646137,60671,60768.95,1011.18,1.664,83.42,98.34
2022-04-24,South Africa,Africa,60000000,27359,587,3673496,61258,61224.93,1020.97,1.668,84.75,98.33
2022-05-01,South Africa,Africa,60000000,22742,549,3696238,61807,61603.97,1030.12,1.672,86.07,98.33
2022-05-08,South Africa,Africa,60000000,23070,564,3719308,62371,61988.47,1039.52,1.677,87.72,98.32
2022-05-15,South Africa,Africa,60000000,28908,650,3748216,63021,62470.27,1050.35,1.681,88.98,98.32
2022-05-22,South Africa,Africa,60000000,27722,459,3775938,63480,62932.3,1058.0,1.681,90.68,98.32
2022-05-29,South Africa,Africa,60000000,23621,438,3799559,63918,63325.98,1065.3,1.682,92.0,98.32
2022-06-05,South Africa,Africa,60000000,22783,479,3822342,64397,63705.7,1073.28,1.685,92.0,98.31
2022-06-12,South Africa,Africa,60000000,26090,408,3848432,64805,64140.53,1080.08,1.684,92.0,98.32
2022-06-19,South Africa,Africa,60000000,28924,637,3877356,65442,64622.6,1090.7,1.688,92.0,98.31
2022-06-26,South Africa,Africa,60000000,32908,722,3910264,66164,65171.07,1102.73,1.692,92.0,98.31
2022-07-03,South Africa,Africa,60000000,30030,713,3940294,66877,65671.57,1114.62,1.697,92.0,98.3
2022-07-10,South Africa,Africa,60000000,33691,664,3973985,67541,66233.08,1125.68,1.7,92.0,98.3
2022-07-17,South Africa,Africa,60000000,24618,375,3998603,67916,66643.38,1131.93,1.698,92.0,98.3
2022-07-24,South Africa,Africa,60000000,32870,578,4031473,68494,67191.22,1141.57,1.699,92.0,98.3
2022-07-31,South Africa,Africa,60000000,32490,550,4063963,69044,67732.72,1150.73,1.699,92.0,98.3
2022-08-07,South Africa,Africa,60000000,35751,403,4099714,69447,68328.57,1157.45,1.694,92.0,98.31
2022-08-14,South Africa,Africa,60000000,31946,460,4131660,69907,68861.0,1165.12,1.692,92.0,98.31
2022-08-21,South Africa,Africa,60000000,31480,358,4163140,70265,69385.67,1171.08,1.688,92.0,98.31
2022-08-28,South Africa,Africa,60000000,25195,448,4188335,70713,69805.58,1178.55,1.688,92.0,98.31
2022-09-04,South Africa,Africa,60000000,39193,553,4227528,71266,70458.8,1187.77,1.686,92.0,98.31
2022-09-11,South Africa,Africa,60000000,28833,498,4256361,71764,70939.35,1196.07,1.686,92.0,98.31
2022-09-18,South Africa,Africa,60000000,36574,436,4292935,72200,71548.92,1203.33,1.682,92.0,98.32
2022-09-25,South Africa,Africa,60000000,33879,412,4326814,72612,72113.57,1210.2,1.678,92.0,98.32
2022-10-02,South Africa,Africa,60000000,33075,327,4359889,72939,72664.82,1215.65,1.673,92.0,98.33
2022-10-09,South Africa,Africa,60000000,38677,779,4398566,73718,73309.43,1228.63,1.676,92.0,98.32
2022-10-16,South Africa,Africa,60000000,35913,459,4434479,74177,73907.98,1236.28,1.673,92.0,98.33
2022-10-23,South Africa,Africa,60000000,45850,934,4480329,75111,74672.15,1251.85,1.676,92.0,98.32
2022-10-30,South Africa,Africa,60000000,39808,454,4520137,75565,75335.62,1259.42,1.672,92.0,98.33
2022-11-06,South Africa,Africa,60000000,28968,233,4549105,75798,75818.42,1263.3,1.666,92.0,98.33
2022-11-13,South Africa,Africa,60000000,39593,706,4588698,76504,76478.3,1275.07,1.667,92.0,98.33
2022-11-20,South Africa,Africa,60000000,33481,551,4622179,77055,77036.32,1284.25,1.667,92.0,98.33
2022-11-27,South Africa,Africa,60000000,45997,436,4668176,77491,77802.93,1291.52,1.66,92.0,98.34
2022-12-04,South Africa,Africa,60000000,41731,519,4709907,78010,78498.45,1300.17,1.656,92.0,98.34
2022-12-11,South Africa,Africa,60000000,44556,500,4754463,78510,79241.05,1308.5,1.651,92.0,98.35
2022-12-18,South Africa,Africa,60000000,38093,498,4792556,79008,79875.93,1316.8,1.649,92.0,98.35
2022-12-25,South Africa,Africa,60000000,32425,659,4824981,79667,80416.35,1327.78,1.651,92.0,98.35
2023-01-01,South Africa,Africa,60000000,43324,1072,4868305,80739,81138.42,1345.65,1.658,92.0,98.34
2023-01-08,South Africa,Africa,60000000,37777,520,4906082,81259,81768.03,1354.32,1.656,92.0,98.34
2023-01-15,South Africa,Africa,60000000,25394,524,4931476,81783,82191.27,1363.05,1.658,92.0,98.34
2023-01-22,South Africa,Africa,60000000,24499,222,4955975,82005,82599.58,1366.75,1.655,92.0,98.34
2023-01-29,South Africa,Africa,60000000,35395,562,4991370,82567,83189.5,1376.12,1.654,92.0,98.35
2023-02-05,South Africa,Africa,60000000,32553,626,5023923,83193,83732.05,1386.55,1.656,92.0,98.34
2023-02-12,South Africa,Africa,60000000,24652,447,5048575,83640,84142.92,1394.0,1.657,92.0,98.34
2023-02-19,South Africa,Africa,60000000,22355,323,5070930,83963,84515.5,1399.38,1.656,92.0,98.34
2023-02-26,South Africa,Africa,60000000,30830,454,5101760,84417,85029.33,1406.95,1.655,92.0,98.34
2023-03-05,South Africa,Africa,60000000,34606,453,5136366,84870,85606.1,1414.5,1.652,92.0,98.35
2023-03-12,South Africa,Africa,60000000,28770,532,5165136,85402,86085.6,1423.37,1.653,92.0,98.35
2023-03-19,South Africa,Africa,60000000,29738,496,5194874,85898,86581.23,1431.63,1.654,92.0,98.35
2023-03-26,South Africa,Africa,60000000,18925,158,5213799,86056,86896.65,1434.27,1.651,92.0,98.35
2023-04-02,South Africa,Africa,60000000,22145,323,5235944,86379,87265.73,1439.65,1.65,92.0,98.35
2023-04-09,South Africa,Africa,60000000,26636,601,5262580,86980,87709.67,1449.67,1.653,92.0,98.35
2023-04-16,South Africa,Africa,60000000,21860,435,5284440,87415,88074.0,1456.92,1.654,92.0,98.35
2023-04-23,South Africa,Africa,60000000,19559,259,5303999,87674,88399.98,1461.23,1.653,92.0,98.35
2023-04-30,South Africa,Africa,60000000,19310,317,5323309,87991,88721.82,1466.52,1.653,92.0,98.35
2023-05-07,South Africa,Africa,60000000,13501,301,5336810,88292,88946.83,1471.53,1.654,92.0,98.35
2023-05-14,South Africa,Africa,60000000,14445,162,5351255,88454,89187.58,1474.23,1.653,92.0,98.35
2023-05-21,South Africa,Africa,60000000,15308,176,5366563,88630,89442.72,1477.17,1.652,92.0,98.35
2023-05-28,South Africa,Africa,60000000,9744,136,5376307,88766,89605.12,1479.43,1.651,92.0,98.35
2023-06-04,South Africa,Africa,60000000,9920,218,5386227,88984,89770.45,1483.07,1.652,92.0,98.35
2023-06-11,South Africa,Africa,60000000,13056,130,5399283,89114,89988.05,1485.23,1.65,92.0,98.35
2023-06-18,South Africa,Africa,60000000,9374,157,5408657,89271,90144.28,1487.85,1.651,92.0,98.35
2023-06-25,South Africa,Africa,60000000,12441,248,5421098,89519,90351.63,1491.98,1.651,92.0,98.35
2023-07-02,South Africa,Africa,60000000,11350,149,5432448,89668,90540.8,1494.47,1.651,92.0,98.35
2023-07-09,South Africa,Africa,60000000,10602,119,5443050,89787,90717.5,1496.45,1.65,92.0,98.35
2023-07-16,South Africa,Africa,60000000,9198,202,5452248,89989,90870.8,1499.82,1.65,92.0,98.35
2023-07-23,South Africa,Africa,60000000,10044,218,5462292,90207,91038.2,1503.45,1.651,92.0,98.35
2023-07-30,South Africa,Africa,60000000,5916,64,5468208,90271,91136.8,1504.52,1.651,92.0,98.35
2023-08-06,South Africa,Africa,60000000,8514,198,5476722,90469,91278.7,1507.82,1.652,92.0,98.35
2023-08-13,South Africa,Africa,60000000,5454,54,5482176,90523,91369.6,1508.72,1.651,92.0,98.35
2023-08-20,South Africa,Africa,60000000,6218,84,5488394,90607,91473.23,1510.12,1.651,92.0,98.35
2023-08-27,South Africa,Africa,60000000,6740,82,5495134,90689,91585.57,1511.48,1.65,92.0,98.35
2023-09-03,South Africa,Africa,60000000,9694,100,5504828,90789,91747.13,1513.15,1.649,92.0,98.35
2023-09-10,South Africa,Africa,60000000,15325,189,5520153,90978,92002.55,1516.3,1.648,92.0,98.35
2023-09-17,South Africa,Africa,60000000,13609,226,5533762,91204,92229.37,1520.07,1.648,92.0,98.35
2023-09-24,South Africa,Africa,60000000,18749,406,5552511,91610,92541.85,1526.83,1.65,92.0,98.35
2023-10-01,South Africa,Africa,60000000,13332,309,5565843,91919,92764.05,1531.98,1.651,92.0,98.35
2023-10-08,South Africa,Africa,60000000,17117,347,5582960,92266,93049.33,1537.77,1.653,92.0,98.35
2023-10-15,South Africa,Africa,60000000,25840,345,5608800,92611,93480.0,1543.52,1.651,92.0,98.35
2023-10-22,South Africa,Africa,60000000,16521,146,5625321,92757,93755.35,1545.95,1.649,92.0,98.35
2023-10-29,South Africa,Africa,60000000,17962,242,5643283,92999,94054.72,1549.98,1.648,92.0,98.35
2023-11-05,South Africa,Africa,60000000,23322,257,5666605,93256,94443.42,1554.27,1.646,92.0,98.35
2023-11-12,South Africa,Africa,60000000,26611,427,5693216,93683,94886.93,1561.38,1.646,92.0,98.35
2023-11-19,South Africa,Africa,60000000,33032,520,5726248,94203,95437.47,1570.05,1.645,92.0,98.36
2023-11-26,South Africa,Africa,60000000,23125,285,5749373,94488,95822.88,1574.8,1.643,92.0,98.36
2023-12-03,South Africa,Africa,60000000,29109,718,5778482,95206,96308.03,1586.77,1.648,92.0,98.35
2023-12-10,South Africa,Africa,60000000,38397,569,5816879,95775,96947.98,1596.25,1.647,92.0,98.35
2023-12-17,South Africa,Africa,60000000,31503,637,5848382,96412,97473.03,1606.87,1.649,92.0,98.35
2023-12-24,South Africa,Africa,60000000,44368,544,5892750,96956,98212.5,1615.93,1.645,92.0,98.36
2023-12-31,South Africa,Africa,60000000,33819,625,5926569,97581,98776.15,1626.35,1.647,92.0,98.35
2020-01-05,Australia,Oceania,25000000,13869,189,13869,189,554.76,7.56,1.363,0.0,98.64
2020-01-12,Australia,Oceania,25000000,12592,123,26461,312,1058.44,12.48,1.179,0.0,98.82
2020-01-19,Australia,Oceania,25000000,13803,133,40264,445,1610.56,17.8,1.105,0.0,98.89
2020-01-26,Australia,Oceania,25000000,18363,448,58627,893,2345.08,35.72,1.523,0.0,98.48
2020-02-02,Australia,Oceania,25000000,21336,484,79963,1377,3198.52,55.08,1.722,0.0,98.28
2020-02-09,Australia,Oceania,25000000,18490,368,98453,1745,3938.12,69.8,1.772,0.0,98.23
2020-02-16,Australia,Oceania,25000000,15862,296,114315,2041,4572.6,81.64,1.785,0.0,98.22
2020-02-23,Australia,Oceania,25000000,18456,298,132771,2339,5310.84,93.56,1.762,0.0,98.24
2020-03-01,Australia,Oceania,25000000,22733,290,155504,2629,6220.16,105.16,1.691,0.0,98.31
2020-03-08,Australia,Oceania,25000000,18164,430,173668,3059,6946.72,122.36,1.761,0.0,98.24
2020-03-15,Australia,Oceania,25000000,15456,251,189124,3310,7564.96,132.4,1.75,0.0,98.25
2020-03-22,Australia,Oceania,25000000,27089,497,216213,3807,8648.52,152.28,1.761,0.0,98.24
2020-03-29,Australia,Oceania,25000000,22949,281,239162,4088,9566.48,163.52,1.709,0.0,98.29
2020-04-05,Australia,Oceania,25000000,20757,466,259919,4554,10396.76,182.16,1.752,0.0,98.25
2020-04-12,Australia,Oceania,25000000,24297,406,284216,4960,11368.64,198.4,1.745,0.0,98.25
2020-04-19,Australia,Oceania,25000000,18218,150,302434,5110,12097.36,204.4,1.69,0.0,98.31
2020-04-26,Australia,Oceania,25000000,31265,450,333699,5560,13347.96,222.4,1.666,0.0,98.33
2020-05-03,Australia,Oceania,25000000,26445,247,360144,5807,14405.76,232.28,1.612,0.0,98.39
2020-05-10,Australia,Oceania,25000000,28089,670,388233,6477,15529.32,259.08,1.668,0.0,98.33
2020-05-17,Australia,Oceania,25000000,26839,272,415072,6749,16602.88,269.96,1.626,0.0,98.37
2020-05-24,Australia,Oceania,25000000,27273,573,442345,7322,17693.8,292.88,1.655,0.0,98.34
2020-05-31,Australia,Oceania,25000000,24806,569,467151,7891,18686.04,315.64,1.689,0.0,98.31
2020-06-07,Australia,Oceania,25000000,28889,672,496040,8563,19841.6,342.52,1.726,0.0,98.27
2020-06-14,Australia,Oceania,25000000,28701,293,524741,8856,20989.64,354.24,1.688,0.0,98.31
2020-06-21,Australia,Oceania,25000000,23807,272,548548,9128,21941.92,365.12,1.664,0.0,98.34
2020-06-28,Australia,Oceania,25000000,33605,703,582153,9831,23286.12,393.24,1.689,0.0,98.31
2020-07-05,Australia,Oceania,25000000,29914,392,612067,10223,24482.68,408.92,1.67,0.0,98.33
2020-07-12,Australia,Oceania,25000000,21939,457,634006,10680,25360.24,427.2,1.685,0.0,98.31
2020-07-19,Australia,Oceania,25000000,26626,315,660632,10995,26425.28,439.8,1.664,0.0,98.34
2020-07-26,Australia,Oceania,25000000,28861,250,689493,11245,27579.72,449.8,1.631,0.0,98.37
2020-08-02,Australia,Oceania,25000000,24055,384,713548,11629,28541.92,465.16,1.63,0.0,98.37
2020-08-09,Australia,Oceania,25000000,21055,520,734603,12149,29384.12,485.96,1.654,0.0,98.35
2020-08-16,Australia,Oceania,25000000,21862,223,756465,12372,30258.6,494.88,1.636,0.0,98.36
2020-08-23,Australia,Oceania,25000000,21564,454,778029,12826,31121.16,513.04,1.649,0.0,98.35
2020-08-30,Australia,Oceania,25000000,24771,436,802800,13262,32112.0,530.48,1.652,0.0,98.35
2020-09-06,Australia,Oceania,25000000,18232,156,821032,13418,32841.28,536.72,1.634,0.0,98.37
2020-09-13,Australia,Oceania,25000000,24377,533,845409,13951,33816.36,558.04,1.65,0.0,98.35
2020-09-20,Australia,Oceania,25000000,30486,288,875895,14239,35035.8,569.56,1.626,0.0,98.37
2020-09-27,Australia,Oceania,25000000,24845,584,900740,14823,36029.6,592.92,1.646,0.0,98.35
2020-10-04,Australia,Oceania,25000000,22169,489,922909,15312,36916.36,612.48,1.659,0.0,98.34
2020-10-11,Australia,Oceania,25000000,18105,432,941014,15744,37640.56,629.76,1.673,0.0,98.33
2020-10-18,Australia,Oceania,25000000,26014,624,967028,16368,38681.12,654.72,1.693,0.0,98.31
2020-10-25,Australia,Oceania,25000000,24290,344,991318,16712,39652.72,668.48,1.686,0.0,98.31
2020-11-01,Australia,Oceania,25000000,26878,340,1018196,17052,40727.84,682.08,1.675,0.0,98.33
2020-11-08,Australia,Oceania,25000000,18494,368,1036690,17420,41467.6,696.8,1.68,0.0,98.32
2020-11-15,Australia,Oceania,25000000,22965,546,1059655,17966,42386.2,718.64,1.695,0.0,98.31
2020-11-22,Australia,Oceania,25000000,15653,337,1075308,18303,43012.32,732.12,1.702,0.0,98.3
2020-11-29,Australia,Oceania,25000000,20805,189,1096113,18492,43844.52,739.68,1.687,0.0,98.31
2020-12-06,Australia,Oceania,25000000,16172,207,1112285,18699,44491.4,747.96,1.681,0.0,98.32
2020-12-13,Australia,Oceania,25000000,14530,359,1126815,19058,45072.6,762.32,1.691,0.0,98.31
2020-12-20,Australia,Oceania,25000000,16880,340,1143695,19398,45747.8,775.92,1.696,0.0,98.3
2020-12-27,Australia,Oceania,25000000,18785,270,1162480,19668,46499.2,786.72,1.692,0.0,98.31
2021-01-03,Australia,Oceania,25000000,16113,247,1178593,19915,47143.72,796.6,1.69,0.0,98.31
2021-01-10,Australia,Oceania,25000000,15458,171,1194051,20086,47762.04,803.44,1.682,0.0,98.32
2021-01-17,Australia,Oceania,25000000,14769,173,1208820,20259,48352.8,810.36,1.676,0.0,98.32
2021-01-24,Australia,Oceania,25000000,9505,198,1218325,20457,48733.0,818.28,1.679,0.0,98.32
2021-01-31,Australia,Oceania,25000000,8953,164,1227278,20621,49091.12,824.84,1.68,0.0,98.32
2021-02-07,Australia,Oceania,25000000,8216,169,1235494,20790,49419.76,831.6,1.683,0.0,98.32
2021-02-14,Australia,Oceania,25000000,6211,55,1241705,20845,49668.2,833.8,1.679,0.0,98.32
2021-02-21,Australia,Oceania,25000000,5570,89,1247275,20934,49891.0,837.36,1.678,0.0,98.32
2021-02-28,Australia,Oceania,25000000,4189,58,1251464,20992,50058.56,839.68,1.677,0.0,98.32
2021-03-07,Australia,Oceania,25000000,3876,34,1255340,21026,50213.6,841.04,1.675,0.31,98.33
2021-03-14,Australia,Oceania,25000000,3705,39,1259045,21065,50361.8,842.6,1.673,0.93,98.33
2021-03-21,Australia,Oceania,25000000,2345,35,1261390,21100,50455.6,844.0,1.673,1.91,98.33
2021-03-28,Australia,Oceania,25000000,2312,38,1263702,21138,50548.08,845.52,1.673,2.87,98.33
2021-04-04,Australia,Oceania,25000000,3064,58,1266766,21196,50670.64,847.84,1.673,4.09,98.33
2021-04-11,Australia,Oceania,25000000,2807,69,1269573,21265,50782.92,850.6,1.675,5.54,98.33
2021-04-18,Australia,Oceania,25000000,3346,78,1272919,21343,50916.76,853.72,1.677,7.18,98.32
2021-04-25,Australia,Oceania,25000000,3846,82,1276765,21425,51070.6,857.0,1.678,8.89,98.32
2021-05-02,Australia,Oceania,25000000,4635,74,1281400,21499,51256.0,859.96,1.678,10.33,98.32
2021-05-09,Australia,Oceania,25000000,7475,148,1288875,21647,51555.0,865.88,1.68,11.58,98.32
2021-05-16,Australia,Oceania,25000000,8413,136,1297288,21783,51891.52,871.32,1.679,12.82,98.32
2021-05-23,Australia,Oceania,25000000,8199,123,1305487,21906,52219.48,876.24,1.678,14.54,98.32
2021-05-30,Australia,Oceania,25000000,7400,163,1312887,22069,52515.48,882.76,1.681,16.08,98.32
2021-06-06,Australia,Oceania,25000000,7339,179,1320226,22248,52809.04,889.92,1.685,17.59,98.31
2021-06-13,Australia,Oceania,25000000,9630,153,1329856,22401,53194.24,896.04,1.684,19.3,98.32
2021-06-20,Australia,Oceania,25000000,10582,119,1340438,22520,53617.52,900.8,1.68,20.58,98.32
2021-06-27,Australia,Oceania,25000000,11365,241,1351803,22761,54072.12,910.44,1.684,22.06,98.32
2021-07-04,Australia,Oceania,25000000,11591,125,1363394,22886,54535.76,915.44,1.679,23.46,98.32
2021-07-11,Australia,Oceania,25000000,18646,257,1382040,23143,55281.6,925.72,1.675,25.25,98.33
2021-07-18,Australia,Oceania,25000000,15479,170,1397519,23313,55900.76,932.52,1.668,26.99,98.33
2021-07-25,Australia,Oceania,25000000,16061,322,1413580,23635,56543.2,945.4,1.672,28.78,98.33
2021-08-01,Australia,Oceania,25000000,12598,121,1426178,23756,57047.12,950.24,1.666,30.41,98.33
2021-08-08,Australia,Oceania,25000000,15664,174,1441842,23930,57673.68,957.2,1.66,31.63,98.34
2021-08-15,Australia,Oceania,25000000,13376,283,1455218,24213,58208.72,968.52,1.664,32.91,98.34
2021-08-22,Australia,Oceania,25000000,19077,349,1474295,24562,58971.8,982.48,1.666,34.37,98.33
2021-08-29,Australia,Oceania,25000000,14407,307,1488702,24869,59548.08,994.76,1.671,35.58,98.33
2021-09-05,Australia,Oceania,25000000,23994,556,1512696,25425,60507.84,1017.0,1.681,37.04,98.32
2021-09-12,Australia,Oceania,25000000,21772,350,1534468,25775,61378.72,1031.0,1.68,38.47,98.32
2021-09-19,Australia,Oceania,25000000,26941,624,1561409,26399,62456.36,1055.96,1.691,39.87,98.31
2021-09-26,Australia,Oceania,25000000,23904,567,1585313,26966,63412.52,1078.64,1.701,41.65,98.3
2021-10-03,Australia,Oceania,25000000,22942,360,1608255,27326,64330.2,1093.04,1.699,43.02,98.3
2021-10-10,Australia,Oceania,25000000,29634,309,1637889,27635,65515.56,1105.4,1.687,44.56,98.31
2021-10-17,Australia,Oceania,25000000,20529,261,1658418,27896,66336.72,1115.84,1.682,46.01,98.32
2021-10-24,Australia,Oceania,25000000,31106,277,1689524,28173,67580.96,1126.92,1.668,47.56,98.33
2021-10-31,Australia,Oceania,25000000,18160,192,1707684,28365,68307.36,1134.6,1.661,49.02,98.34
2021-11-07,Australia,Oceania,25000000,24624,305,1732308,28670,69292.32,1146.8,1.655,50.41,98.34
2021-11-14,Australia,Oceania,25000000,18556,244,1750864,28914,70034.56,1156.56,1.651,52.19,98.35
2021-11-21,Australia,Oceania,25000000,31450,430,1782314,29344,71292.56,1173.76,1.646,53.73,98.35
2021-11-28,Australia,Oceania,25000000,31066,251,1813380,29595,72535.2,1183.8,1.632,55.42,98.37
2021-12-05,Australia,Oceania,25000000,31732,303,1845112,29898,73804.48,1195.92,1.62,56.71,98.38
2021-12-12,Australia,Oceania,25000000,31949,547,1877061,30445,75082.44,1217.8,1.622,57.92,98.38
2021-12-19,Australia,Oceania,25000000,21374,334,1898435,30779,75937.4,1231.16,1.621,59.54,98.38
2021-12-26,Australia,Oceania,25000000,28440,708,1926875,31487,77075.0,1259.48,1.634,60.91,98.37
2022-01-02,Australia,Oceania,25000000,25416,433,1952291,31920,78091.64,1276.8,1.635,62.35,98.36
2022-01-09,Australia,Oceania,25000000,19798,487,1972089,32407,78883.56,1296.28,1.643,64.07,98.36
2022-01-16,Australia,Oceania,25000000,24490,447,1996579,32854,79863.16,1314.16,1.646,65.4,98.35
2022-01-23,Australia,Oceania,25000000,24927,493,2021506,33347,80860.24,1333.88,1.65,66.91,98.35
2022-01-30,Australia,Oceania,25000000,31092,571,2052598,33918,82103.92,1356.72,1.652,68.33,98.35
2022-02-06,Australia,Oceania,25000000,27595,300,2080193,34218,83207.72,1368.72,1.645,69.77,98.36
2022-02-13,Australia,Oceania,25000000,21234,325,2101427,34543,84057.08,1381.72,1.644,71.43,98.36
2022-02-20,Australia,Oceania,25000000,22786,489,2124213,35032,84968.52,1401.28,1.649,72.98,98.35
2022-02-27,Australia,Oceania,25000000,20452,445,2144665,35477,85786.6,1419.08,1.654,74.32,98.35
2022-03-06,Australia,Oceania,25000000,18486,306,2163151,35783,86526.04,1431.32,1.654,75.68,98.35
2022-03-13,Australia,Oceania,25000000,15288,290,2178439,36073,87137.56,1442.92,1.656,77.19,98.34
2022-03-20,Australia,Oceania,25000000,20472,500,2198911,36573,87956.44,1462.92,1.663,78.73,98.34
2022-03-27,Australia,Oceania,25000000,25124,260,2224035,36833,88961.4,1473.32,1.656,80.27,98.34
2022-04-03,Australia,Oceania,25000000,24490,438,2248525,37271,89941.0,1490.84,1.658,81.9,98.34
2022-04-10,Australia,Oceania,25000000,17974,172,2266499,37443,90659.96,1497.72,1.652,83.38,98.35
2022-04-17,Australia,Oceania,25000000,17658,401,2284157,37844,91366.28,1513.76,1.657,84.72,98.34
2022-04-24,Australia,Oceania,25000000,23312,566,2307469,38410,92298.76,1536.4,1.665,86.07,98.33
2022-05-01,Australia,Oceania,25000000,15950,370,2323419,38780,92936.76,1551.2,1.669,87.85,98.33
2022-05-08,Australia,Oceania,25000000,16296,219,2339715,38999,93588.6,1559.96,1.667,89.37,98.33
2022-05-15,Australia,Oceania,25000000,17991,227,2357706,39226,94308.24,1569.04,1.664,91.01,98.34
2022-05-22,Australia,Oceania,25000000,11296,99,2369002,39325,94760.08,1573.0,1.66,92.0,98.34
2022-05-29,Australia,Oceania,25000000,13428,179,2382430,39504,95297.2,1580.16,1.658,92.0,98.34
2022-06-05,Australia,Oceania,25000000,12904,145,2395334,39649,95813.36,1585.96,1.655,92.0,98.34
2022-06-12,Australia,Oceania,25000000,19442,291,2414776,39940,96591.04,1597.6,1.654,92.0,98.35
2022-06-19,Australia,Oceania,25000000,16513,408,2431289,40348,97251.56,1613.92,1.66,92.0,98.34
2022-06-26,Australia,Oceania,25000000,18217,367,2449506,40715,97980.24,1628.6,1.662,92.0,98.34
2022-07-03,Australia,Oceania,25000000,12844,250,2462350,40965,98494.0,1638.6,1.664,92.0,98.34
2022-07-10,Australia,Oceania,25000000,18678,384,2481028,41349,99241.12,1653.96,1.667,92.0,98.33
2022-07-17,Australia,Oceania,25000000,21984,187,2503012,41536,100120.48,1661.44,1.659,92.0,98.34
2022-07-24,Australia,Oceania,25000000,18359,214,2521371,41750,100854.84,1670.0,1.656,92.0,98.34
2022-07-31,Australia,Oceania,25000000,24606,227,2545977,41977,101839.08,1679.08,1.649,92.0,98.35
2022-08-07,Australia,Oceania,25000000,18044,334,2564021,42311,102560.84,1692.44,1.65,92.0,98.35
2022-08-14,Australia,Oceania,25000000,15774,203,2579795,42514,103191.8,1700.56,1.648,92.0,98.35
2022-08-21,Australia,Oceania,25000000,17225,258,2597020,42772,103880.8,1710.88,1.647,92.0,98.35
2022-08-28,Australia,Oceania,25000000,17629,250,2614649,43022,104585.96,1720.88,1.645,92.0,98.36
2022-09-04,Australia,Oceania,25000000,27806,673,2642455,43695,105698.2,1747.8,1.654,92.0,98.35
2022-09-11,Australia,Oceania,25000000,18579,170,2661034,43865,106441.36,1754.6,1.648,92.0,98.35
2022-09-18,Australia,Oceania,25000000,19195,318,2680229,44183,107209.16,1767.32,1.648,92.0,98.35
2022-09-25,Australia,Oceania,25000000,27474,614,2707703,44797,108308.12,1791.88,1.654,92.0,98.35
2022-10-02,Australia,Oceania,25000000,25441,338,2733144,45135,109325.76,1805.4,1.651,92.0,98.35
2022-10-09,Australia,Oceania,25000000,25887,211,2759031,45346,110361.24,1813.84,1.644,92.0,98.36
2022-10-16,Australia,Oceania,25000000,20895,413,2779926,45759,111197.04,1830.36,1.646,92.0,98.35
2022-10-23,Australia,Oceania,25000000,20670,450,2800596,46209,112023.84,1848.36,1.65,92.0,98.35
2022-10-30,Australia,Oceania,25000000,22771,463,2823367,46672,112934.68,1866.88,1.653,92.0,98.35
2022-11-06,Australia,Oceania,25000000,30495,360,2853862,47032,114154.48,1881.28,1.648,92.0,98.35
2022-11-13,Australia,Oceania,25000000,25174,593,2879036,47625,115161.44,1905.0,1.654,92.0,98.35
2022-11-20,Australia,Oceania,25000000,27169,479,2906205,48104,116248.2,1924.16,1.655,92.0,98.34
2022-11-27,Australia,Oceania,25000000,23183,317,2929388,48421,117175.52,1936.84,1.653,92.0,98.35
2022-12-04,Australia,Oceania,25000000,28916,511,2958304,48932,118332.16,1957.28,1.654,92.0,98.35
2022-12-11,Australia,Oceania,25000000,23563,208,2981867,49140,119274.68,1965.6,1.648,92.0,98.35
2022-12-18,Australia,Oceania,25000000,23004,305,3004871,49445,120194.84,1977.8,1.645,92.0,98.36
2022-12-25,Australia,Oceania,25000000,22944,309,3027815,49754,121112.6,1990.16,1.643,92.0,98.36
2023-01-01,Australia,Oceania,25000000,22128,227,3049943,49981,121997.72,1999.24,1.639,92.0,98.36
2023-01-08,Australia,Oceania,25000000,27224,545,3077167,50526,123086.68,2021.04,1.642,92.0,98.36
2023-01-15,Australia,Oceania,25000000,25581,556,3102748,51082,124109.92,2043.28,1.646,92.0,98.35
2023-01-22,Australia,Oceania,25000000,16559,313,3119307,51395,124772.28,2055.8,1.648,92.0,98.35
2023-01-29,Australia,Oceania,25000000,22092,419,3141399,51814,125655.96,2072.56,1.649,92.0,98.35
2023-02-05,Australia,Oceania,25000000,20987,180,3162386,51994,126495.44,2079.76,1.644,92.0,98.36
2023-02-12,Australia,Oceania,25000000,15061,231,3177447,52225,127097.88,2089.0,1.644,92.0,98.36
2023-02-19,Australia,Oceania,25000000,20085,206,3197532,52431,127901.28,2097.24,1.64,92.0,98.36
2023-02-26,Australia,Oceania,25000000,22308,240,3219840,52671,128793.6,2106.84,1.636,92.0,98.36
2023-03-05,Australia,Oceania,25000000,14420,330,3234260,53001,129370.4,2120.04,1.639,92.0,98.36
2023-03-12,Australia,Oceania,25000000,17295,169,3251555,53170,130062.2,2126.8,1.635,92.0,98.36
2023-03-19,Australia,Oceania,25000000,20670,456,3272225,53626,130889.0,2145.04,1.639,92.0,98.36
2023-03-26,Australia,Oceania,25000000,12061,119,3284286,53745,131371.44,2149.8,1.636,92.0,98.36
2023-04-02,Australia,Oceania,25000000,13165,135,3297451,53880,131898.04,2155.2,1.634,92.0,98.37
2023-04-09,Australia,Oceania,25000000,13590,326,3311041,54206,132441.64,2168.24,1.637,92.0,98.36
2023-04-16,Australia,Oceania,25000000,16518,331,3327559,54537,133102.36,2181.48,1.639,92.0,98.36
2023-04-23,Australia,Oceania,25000000,14705,186,3342264,54723,133690.56,2188.92,1.637,92.0,98.36
2023-04-30,Australia,Oceania,25000000,10838,270,3353102,54993,134124.08,2199.72,1.64,92.0,98.36
2023-05-07,Australia,Oceania,25000000,9590,228,3362692,55221,134507.68,2208.84,1.642,92.0,98.36
2023-05-14,Australia,Oceania,25000000,11295,229,3373987,55450,134959.48,2218.0,1.643,92.0,98.36
2023-05-21,Australia,Oceania,25000000,11726,288,3385713,55738,135428.52,2229.52,1.646,92.0,98.35
2023-05-28,Australia,Oceania,25000000,9701,184,3395414,55922,135816.56,2236.88,1.647,92.0,98.35
2023-06-04,Australia,Oceania,25000000,5584,106,3400998,56028,136039.92,2241.12,1.647,92.0,98.35
2023-06-11,Australia,Oceania,25000000,8691,134,3409689,56162,136387.56,2246.48,1.647,92.0,98.35
2023-06-18,Australia,Oceania,25000000,6177,136,3415866,56298,136634.64,2251.92,1.648,92.0,98.35
2023-06-25,Australia,Oceania,25000000,6325,56,3422191,56354,136887.64,2254.16,1.647,92.0,98.35
2023-07-02,Australia,Oceania,25000000,6102,145,3428293,56499,137131.72,2259.96,1.648,92.0,98.35
2023-07-09,Australia,Oceania,25000000,5269,89,3433562,56588,137342.48,2263.52,1.648,92.0,98.35
2023-07-16,Australia,Oceania,25000000,7254,102,3440816,56690,137632.64,2267.6,1.648,92.0,98.35
2023-07-23,Australia,Oceania,25000000,4888,95,3445704,56785,137828.16,2271.4,1.648,92.0,98.35
2023-07-30,Australia,Oceania,25000000,5697,71,3451401,56856,138056.04,2274.24,1.647,92.0,98.35
2023-08-06,Australia,Oceania,25000000,3667,70,3455068,56926,138202.72,2277.04,1.648,92.0,98.35
2023-08-13,Australia,Oceania,25000000,4669,106,3459737,57032,138389.48,2281.28,1.648,92.0,98.35
2023-08-20,Australia,Oceania,25000000,4659,73,3464396,57105,138575.84,2284.2,1.648,92.0,98.35
2023-08-27,Australia,Oceania,25000000,6510,142,3470906,57247,138836.24,2289.88,1.649,92.0,98.35
2023-09-03,Australia,Oceania,25000000,6666,148,3477572,57395,139102.88,2295.8,1.65,92.0,98.35
2023-09-10,Australia,Oceania,25000000,6835,118,3484407,57513,139376.28,2300.52,1.651,92.0,98.35
2023-09-17,Australia,Oceania,25000000,6966,163,3491373,57676,139654.92,2307.04,1.652,92.0,98.35
2023-09-24,Australia,Oceania,25000000,11805,104,3503178,57780,140127.12,2311.2,1.649,92.0,98.35
2023-10-01,Australia,Oceania,25000000,10837,149,3514015,57929,140560.6,2317.16,1.649,92.0,98.35
2023-10-08,Australia,Oceania,25000000,9272,193,3523287,58122,140931.48,2324.88,1.65,92.0,98.35
2023-10-15,Australia,Oceania,25000000,10793,120,3534080,58242,141363.2,2329.68,1.648,92.0,98.35
2023-10-22,Australia,Oceania,25000000,10485,188,3544565,58430,141782.6,2337.2,1.648,92.0,98.35
2023-10-29,Australia,Oceania,25000000,10832,95,3555397,58525,142215.88,2341.0,1.646,92.0,98.35
2023-11-05,Australia,Oceania,25000000,19290,261,3574687,58786,142987.48,2351.44,1.645,92.0,98.36
2023-11-12,Australia,Oceania,25000000,18090,229,3592777,59015,143711.08,2360.6,1.643,92.0,98.36
2023-11-19,Australia,Oceania,25000000,20527,382,3613304,59397,144532.16,2375.88,1.644,92.0,98.36
2023-11-26,Australia,Oceania,25000000,21578,420,3634882,59817,145395.28,2392.68,1.646,92.0,98.35
2023-12-03,Australia,Oceania,25000000,17930,181,3652812,59998,146112.48,2399.92,1.643,92.0,98.36
2023-12-10,Australia,Oceania,25000000,22627,511,3675439,60509,147017.56,2420.36,1.646,92.0,98.35
2023-12-17,Australia,Oceania,25000000,22856,254,3698295,60763,147931.8,2430.52,1.643,92.0,98.36
2023-12-24,Australia,Oceania,25000000,26064,464,3724359,61227,148974.36,2449.08,1.644,92.0,98.36
2023-12-31,Australia,Oceania,25000000,26452,527,3750811,61754,150032.44,2470.16,1.646,92.0,98.35
